<!-- This is a generated file. It is highly recommended that you DO NOT edit this file. --><iq:manifest xmlns:iq="http://www.garmin.com/xml/connectiq" version="3">
    <iq:application entry="NordicThingyApp" id="0216938f8dbc40fcb7e697ed45a0fb1b" launcherIcon="@Drawables.Launcher" minSdkVersion="2.4.0" name="@Strings.AppName" type="watch-app" version="0.0.0">
        <iq:products>
            <iq:product id="fenix5plus"/>
            <iq:product id="fenix5splus"/>
            <iq:product id="fenix5xplus"/>
            <iq:product id="fenix7"/>
            <iq:product id="fr645"/>
        </iq:products>
        <iq:permissions>
            <iq:uses-permission id="BluetoothLowEnergy"/>
        </iq:permissions>
        <iq:languages>
            <iq:language>eng</iq:language>
        </iq:languages>
        <iq:barrels/>
    </iq:application>
</iq:manifest>
