<?xml version="1.0"?>
<!-- This is a generated file. It is highly recommended that you DO NOT edit this file. -->
<iq:manifest xmlns:iq="http://www.garmin.com/xml/connectiq" version="3">
    <iq:application entry="AnimationWatchFaceApp" id="1dcc340964744559a9f83da1d5cc8006" launcherIcon="@Drawables.LauncherIcon" minSdkVersion="3.1.0" name="@Strings.AppName" type="watchface" version="0.0.0">
        <iq:products>
            <iq:product id="fenix5plus"/>
            <iq:product id="fenix7"/>
        </iq:products>
        <iq:permissions/>
        <iq:languages>
            <iq:language>eng</iq:language>
        </iq:languages>
        <iq:barrels/>
    </iq:application>
</iq:manifest>