<!-- This is a generated file. It is highly recommended that you DO NOT edit this file. --><iq:manifest xmlns:iq="http://www.garmin.com/xml/connectiq" version="1">
    <iq:application entry="MO2DisplayApp" id="0BCEB9C826264831BB5179D42660F826" launcherIcon="@Drawables.LauncherIcon" minSdkVersion="1.2.0" name="@Strings.AppName" type="watch-app">
        <iq:products>
            <iq:product id="approachs60"/>
            <iq:product id="d2bravo"/>
            <iq:product id="d2bravo_titanium"/>
            <iq:product id="d2charlie"/>
            <iq:product id="descentmk1"/>
            <iq:product id="edge1030"/>
            <iq:product id="edge820"/>
            <iq:product id="edge_1000"/>
            <iq:product id="edge_520"/>
            <iq:product id="fenix3"/>
            <iq:product id="fenix3_hr"/>
            <iq:product id="fenix5"/>
            <iq:product id="fenix5s"/>
            <iq:product id="fenix5x"/>
            <iq:product id="fenix7"/>
            <iq:product id="fenixchronos"/>
            <iq:product id="fr230"/>
            <iq:product id="fr235"/>
            <iq:product id="fr630"/>
            <iq:product id="fr735xt"/>
            <iq:product id="fr920xt"/>
            <iq:product id="fr935"/>
            <iq:product id="oregon7xx"/>
            <iq:product id="rino7xx"/>
            <iq:product id="vivoactive"/>
            <iq:product id="vivoactive3"/>
            <iq:product id="vivoactive_hr"/>
        </iq:products>
        <iq:permissions>
            <iq:uses-permission id="Ant"/>
            <iq:uses-permission id="Fit"/>
            <iq:uses-permission id="FitContributor"/>
        </iq:permissions>
        <iq:languages/>
    </iq:application>
</iq:manifest>
