<!-- This is a generated file. It is highly recommended that you DO NOT edit this file. --><iq:manifest xmlns:iq="http://www.garmin.com/xml/connectiq" version="1">
    <iq:application entry="Menu2Sample" id="B8FBE2F12E41471BBD54AB31C97E60AE" launcherIcon="@Drawables.LauncherIcon" minSdkVersion="1.2.0" name="@Strings.AppName" type="watch-app">
        <iq:products>
            <iq:product id="approachs60"/>
            <iq:product id="d2deltas"/>
            <iq:product id="edge1030"/>
            <iq:product id="edge520plus"/>
            <iq:product id="edge820"/>
            <iq:product id="edgeexplore"/>
            <iq:product id="epix2"/>
            <iq:product id="fenix5plus"/>
            <iq:product id="fenix5s"/>
            <iq:product id="fenix5splus"/>
            <iq:product id="fenix5x"/>
            <iq:product id="fenix5xplus"/>
            <iq:product id="fenix7"/>
            <iq:product id="fenix7s"/>
            <iq:product id="fenix7x"/>
            <iq:product id="fenixchronos"/>
            <iq:product id="fr645"/>
            <iq:product id="fr645m"/>
            <iq:product id="oregon7xx"/>
            <iq:product id="rino7xx"/>
            <iq:product id="venu2"/>
            <iq:product id="venu2plus"/>
            <iq:product id="venu2s"/>
            <iq:product id="vivoactive3"/>
            <iq:product id="vivoactive3m"/>
        </iq:products>
        <iq:permissions/>
        <iq:languages>
            <iq:language>eng</iq:language>
        </iq:languages>
    </iq:application>
</iq:manifest>
