<?xml version="1.0" encoding="UTF-8" standalone="no"?>
<debugInfo>
    <manifest filename="C:\Users\hideta\AppData\Roaming\Garmin\ConnectIQ\Sdks\connectiq-sdk-win-7.3.1-2024-09-23-df7b5816a\samples\Analog\manifest.xml"/>
    <pcToLineNum>
        <entry filename="C:\\Users\\hideta\\AppData\\Roaming\\Garmin\\ConnectIQ\\Sdks\\connectiq-sdk-win-7.3.1-2024-09-23-df7b5816a\\samples\\Analog\\source\\AnalogSettingsMenu.mc" id="1" lineNum="12" parent="globals/AnalogSettingsMenu" pc="268435460" symbol="&lt;init&gt;"/>
        <entry filename="C:\\Users\\hideta\\AppData\\Roaming\\Garmin\\ConnectIQ\\Sdks\\connectiq-sdk-win-7.3.1-2024-09-23-df7b5816a\\samples\\Analog\\source\\AnalogApp.mc" id="2" lineNum="13" parent="globals/AnalogWatch" pc="268435479" symbol="&lt;init&gt;"/>
        <entry filename="c:\\Users\\hideta\\AppData\\Roaming\\Garmin\\ConnectIQ\\Sdks\\connectiq-sdk-win-7.3.1-2024-09-23-df7b5816a\\samples\\Analog\\gen\\006-B3869-00\\source\\Rez.mcgen" id="3" lineNum="7" parent="globals/Rez" pc="268435498" symbol="&lt;init&gt;"/>
        <entry filename="C:\\Users\\hideta\\AppData\\Roaming\\Garmin\\ConnectIQ\\Sdks\\connectiq-sdk-win-7.3.1-2024-09-23-df7b5816a\\samples\\Analog\\source\\AnalogSettingsMenu.mc" id="4" lineNum="21" parent="globals/AnalogSettingsMenuDelegate" pc="268435522" symbol="&lt;init&gt;"/>
        <entry filename="C:\\Users\\hideta\\AppData\\Roaming\\Garmin\\ConnectIQ\\Sdks\\connectiq-sdk-win-7.3.1-2024-09-23-df7b5816a\\samples\\Analog\\source\\AnalogGoalView.mc" id="5" lineNum="16" parent="globals/AnalogGoalView" pc="268435541" symbol="&lt;init&gt;"/>
        <entry filename="C:\\Users\\hideta\\AppData\\Roaming\\Garmin\\ConnectIQ\\Sdks\\connectiq-sdk-win-7.3.1-2024-09-23-df7b5816a\\samples\\Analog\\source\\AnalogSettingsView.mc" id="6" lineNum="33" parent="globals/AnalogSettingsDelegate" pc="268435560" symbol="&lt;init&gt;"/>
        <entry filename="C:\\Users\\hideta\\AppData\\Roaming\\Garmin\\ConnectIQ\\Sdks\\connectiq-sdk-win-7.3.1-2024-09-23-df7b5816a\\samples\\Analog\\source\\AnalogView.mc" id="7" lineNum="17" parent="globals/AnalogView" pc="268435579" symbol="&lt;init&gt;"/>
        <entry filename="C:\\Users\\hideta\\AppData\\Roaming\\Garmin\\ConnectIQ\\Sdks\\connectiq-sdk-win-7.3.1-2024-09-23-df7b5816a\\samples\\Analog\\source\\AnalogView.mc" id="8" lineNum="392" parent="globals/AnalogDelegate" pc="268435598" symbol="&lt;init&gt;"/>
        <entry filename="C:\\Users\\hideta\\AppData\\Roaming\\Garmin\\ConnectIQ\\Sdks\\connectiq-sdk-win-7.3.1-2024-09-23-df7b5816a\\samples\\Analog\\source\\AnalogSettingsView.mc" id="9" lineNum="13" parent="globals/AnalogSettingsView" pc="268435617" symbol="&lt;init&gt;"/>
        <entry filename="C:\\Users\\hideta\\AppData\\Roaming\\Garmin\\ConnectIQ\\Sdks\\connectiq-sdk-win-7.3.1-2024-09-23-df7b5816a\\samples\\Analog\\source\\AnalogSettingsMenu.mc" id="10" lineNum="15" parent="globals/AnalogSettingsMenu" pc="268435636" symbol="initialize"/>
        <entry filename="C:\\Users\\hideta\\AppData\\Roaming\\Garmin\\ConnectIQ\\Sdks\\connectiq-sdk-win-7.3.1-2024-09-23-df7b5816a\\samples\\Analog\\source\\AnalogSettingsMenu.mc" id="10" lineNum="16" parent="globals/AnalogSettingsMenu" pc="268435638" symbol="initialize"/>
        <entry filename="C:\\Users\\hideta\\AppData\\Roaming\\Garmin\\ConnectIQ\\Sdks\\connectiq-sdk-win-7.3.1-2024-09-23-df7b5816a\\samples\\Analog\\source\\AnalogApp.mc" id="11" lineNum="22" parent="globals/AnalogWatch" pc="268435676" symbol="onStart"/>
        <entry filename="C:\\Users\\hideta\\AppData\\Roaming\\Garmin\\ConnectIQ\\Sdks\\connectiq-sdk-win-7.3.1-2024-09-23-df7b5816a\\samples\\Analog\\source\\AnalogApp.mc" id="12" lineNum="51" parent="globals/AnalogWatch" pc="268435679" symbol="getSettingsView"/>
        <entry filename="C:\\Users\\hideta\\AppData\\Roaming\\Garmin\\ConnectIQ\\Sdks\\connectiq-sdk-win-7.3.1-2024-09-23-df7b5816a\\samples\\Analog\\source\\AnalogApp.mc" id="12" lineNum="52" parent="globals/AnalogWatch" pc="268435681" symbol="getSettingsView"/>
        <entry filename="C:\\Users\\hideta\\AppData\\Roaming\\Garmin\\ConnectIQ\\Sdks\\connectiq-sdk-win-7.3.1-2024-09-23-df7b5816a\\samples\\Analog\\source\\AnalogApp.mc" id="13" lineNum="32" parent="globals/AnalogWatch" pc="268435756" symbol="getInitialView"/>
        <entry filename="C:\\Users\\hideta\\AppData\\Roaming\\Garmin\\ConnectIQ\\Sdks\\connectiq-sdk-win-7.3.1-2024-09-23-df7b5816a\\samples\\Analog\\source\\AnalogApp.mc" id="13" lineNum="33" parent="globals/AnalogWatch" pc="268435760" symbol="getInitialView"/>
        <entry filename="C:\\Users\\hideta\\AppData\\Roaming\\Garmin\\ConnectIQ\\Sdks\\connectiq-sdk-win-7.3.1-2024-09-23-df7b5816a\\samples\\Analog\\source\\AnalogApp.mc" id="13" lineNum="34" parent="globals/AnalogWatch" pc="268435775" symbol="getInitialView"/>
        <entry filename="C:\\Users\\hideta\\AppData\\Roaming\\Garmin\\ConnectIQ\\Sdks\\connectiq-sdk-win-7.3.1-2024-09-23-df7b5816a\\samples\\Analog\\source\\AnalogApp.mc" id="13" lineNum="35" parent="globals/AnalogWatch" pc="268435803" symbol="getInitialView"/>
        <entry filename="C:\\Users\\hideta\\AppData\\Roaming\\Garmin\\ConnectIQ\\Sdks\\connectiq-sdk-win-7.3.1-2024-09-23-df7b5816a\\samples\\Analog\\source\\AnalogApp.mc" id="13" lineNum="36" parent="globals/AnalogWatch" pc="268435833" symbol="getInitialView"/>
        <entry filename="C:\\Users\\hideta\\AppData\\Roaming\\Garmin\\ConnectIQ\\Sdks\\connectiq-sdk-win-7.3.1-2024-09-23-df7b5816a\\samples\\Analog\\source\\AnalogApp.mc" id="13" lineNum="38" parent="globals/AnalogWatch" pc="268435863" symbol="getInitialView"/>
        <entry filename="C:\\Users\\hideta\\AppData\\Roaming\\Garmin\\ConnectIQ\\Sdks\\connectiq-sdk-win-7.3.1-2024-09-23-df7b5816a\\samples\\Analog\\source\\AnalogApp.mc" id="14" lineNum="45" parent="globals/AnalogWatch" pc="268435905" symbol="getGoalView"/>
        <entry filename="C:\\Users\\hideta\\AppData\\Roaming\\Garmin\\ConnectIQ\\Sdks\\connectiq-sdk-win-7.3.1-2024-09-23-df7b5816a\\samples\\Analog\\source\\AnalogApp.mc" id="14" lineNum="46" parent="globals/AnalogWatch" pc="268435907" symbol="getGoalView"/>
        <entry filename="C:\\Users\\hideta\\AppData\\Roaming\\Garmin\\ConnectIQ\\Sdks\\connectiq-sdk-win-7.3.1-2024-09-23-df7b5816a\\samples\\Analog\\source\\AnalogApp.mc" id="15" lineNum="16" parent="globals/AnalogWatch" pc="268435950" symbol="initialize"/>
        <entry filename="C:\\Users\\hideta\\AppData\\Roaming\\Garmin\\ConnectIQ\\Sdks\\connectiq-sdk-win-7.3.1-2024-09-23-df7b5816a\\samples\\Analog\\source\\AnalogApp.mc" id="15" lineNum="17" parent="globals/AnalogWatch" pc="268435952" symbol="initialize"/>
        <entry filename="C:\\Users\\hideta\\AppData\\Roaming\\Garmin\\ConnectIQ\\Sdks\\connectiq-sdk-win-7.3.1-2024-09-23-df7b5816a\\samples\\Analog\\source\\AnalogApp.mc" id="16" lineNum="27" parent="globals/AnalogWatch" pc="268435971" symbol="onStop"/>
        <entry filename="C:\\Users\\hideta\\AppData\\Roaming\\Garmin\\ConnectIQ\\Sdks\\connectiq-sdk-win-7.3.1-2024-09-23-df7b5816a\\samples\\Analog\\source\\AnalogSettingsMenu.mc" id="17" lineNum="24" parent="globals/AnalogSettingsMenuDelegate" pc="268435974" symbol="initialize"/>
        <entry filename="C:\\Users\\hideta\\AppData\\Roaming\\Garmin\\ConnectIQ\\Sdks\\connectiq-sdk-win-7.3.1-2024-09-23-df7b5816a\\samples\\Analog\\source\\AnalogSettingsMenu.mc" id="17" lineNum="25" parent="globals/AnalogSettingsMenuDelegate" pc="268435976" symbol="initialize"/>
        <entry filename="C:\\Users\\hideta\\AppData\\Roaming\\Garmin\\ConnectIQ\\Sdks\\connectiq-sdk-win-7.3.1-2024-09-23-df7b5816a\\samples\\Analog\\source\\AnalogSettingsMenu.mc" id="18" lineNum="30" parent="globals/AnalogSettingsMenuDelegate" pc="268435995" symbol="onSelect"/>
        <entry filename="C:\\Users\\hideta\\AppData\\Roaming\\Garmin\\ConnectIQ\\Sdks\\connectiq-sdk-win-7.3.1-2024-09-23-df7b5816a\\samples\\Analog\\source\\AnalogSettingsMenu.mc" id="18" lineNum="31" parent="globals/AnalogSettingsMenuDelegate" pc="268435997" symbol="onSelect"/>
        <entry filename="C:\\Users\\hideta\\AppData\\Roaming\\Garmin\\ConnectIQ\\Sdks\\connectiq-sdk-win-7.3.1-2024-09-23-df7b5816a\\samples\\Analog\\source\\AnalogSettingsMenu.mc" id="18" lineNum="32" parent="globals/AnalogSettingsMenuDelegate" pc="268436015" symbol="onSelect"/>
        <entry filename="C:\\Users\\hideta\\AppData\\Roaming\\Garmin\\ConnectIQ\\Sdks\\connectiq-sdk-win-7.3.1-2024-09-23-df7b5816a\\samples\\Analog\\source\\AnalogGoalView.mc" id="19" lineNum="37" parent="globals/AnalogGoalView" pc="268436057" symbol="onLayout"/>
        <entry filename="C:\\Users\\hideta\\AppData\\Roaming\\Garmin\\ConnectIQ\\Sdks\\connectiq-sdk-win-7.3.1-2024-09-23-df7b5816a\\samples\\Analog\\source\\AnalogGoalView.mc" id="19" lineNum="39" parent="globals/AnalogGoalView" pc="268436059" symbol="onLayout"/>
        <entry filename="C:\\Users\\hideta\\AppData\\Roaming\\Garmin\\ConnectIQ\\Sdks\\connectiq-sdk-win-7.3.1-2024-09-23-df7b5816a\\samples\\Analog\\source\\AnalogGoalView.mc" id="20" lineNum="21" parent="globals/AnalogGoalView" pc="268436072" symbol="initialize"/>
        <entry filename="C:\\Users\\hideta\\AppData\\Roaming\\Garmin\\ConnectIQ\\Sdks\\connectiq-sdk-win-7.3.1-2024-09-23-df7b5816a\\samples\\Analog\\source\\AnalogGoalView.mc" id="20" lineNum="22" parent="globals/AnalogGoalView" pc="268436074" symbol="initialize"/>
        <entry filename="C:\\Users\\hideta\\AppData\\Roaming\\Garmin\\ConnectIQ\\Sdks\\connectiq-sdk-win-7.3.1-2024-09-23-df7b5816a\\samples\\Analog\\source\\AnalogGoalView.mc" id="20" lineNum="24" parent="globals/AnalogGoalView" pc="268436092" symbol="initialize"/>
        <entry filename="C:\\Users\\hideta\\AppData\\Roaming\\Garmin\\ConnectIQ\\Sdks\\connectiq-sdk-win-7.3.1-2024-09-23-df7b5816a\\samples\\Analog\\source\\AnalogGoalView.mc" id="20" lineNum="26" parent="globals/AnalogGoalView" pc="268436105" symbol="initialize"/>
        <entry filename="C:\\Users\\hideta\\AppData\\Roaming\\Garmin\\ConnectIQ\\Sdks\\connectiq-sdk-win-7.3.1-2024-09-23-df7b5816a\\samples\\Analog\\source\\AnalogGoalView.mc" id="20" lineNum="27" parent="globals/AnalogGoalView" pc="268436116" symbol="initialize"/>
        <entry filename="C:\\Users\\hideta\\AppData\\Roaming\\Garmin\\ConnectIQ\\Sdks\\connectiq-sdk-win-7.3.1-2024-09-23-df7b5816a\\samples\\Analog\\source\\AnalogGoalView.mc" id="20" lineNum="28" parent="globals/AnalogGoalView" pc="268436141" symbol="initialize"/>
        <entry filename="C:\\Users\\hideta\\AppData\\Roaming\\Garmin\\ConnectIQ\\Sdks\\connectiq-sdk-win-7.3.1-2024-09-23-df7b5816a\\samples\\Analog\\source\\AnalogGoalView.mc" id="20" lineNum="29" parent="globals/AnalogGoalView" pc="268436152" symbol="initialize"/>
        <entry filename="C:\\Users\\hideta\\AppData\\Roaming\\Garmin\\ConnectIQ\\Sdks\\connectiq-sdk-win-7.3.1-2024-09-23-df7b5816a\\samples\\Analog\\source\\AnalogGoalView.mc" id="20" lineNum="30" parent="globals/AnalogGoalView" pc="268436177" symbol="initialize"/>
        <entry filename="C:\\Users\\hideta\\AppData\\Roaming\\Garmin\\ConnectIQ\\Sdks\\connectiq-sdk-win-7.3.1-2024-09-23-df7b5816a\\samples\\Analog\\source\\AnalogGoalView.mc" id="20" lineNum="31" parent="globals/AnalogGoalView" pc="268436188" symbol="initialize"/>
        <entry filename="C:\\Users\\hideta\\AppData\\Roaming\\Garmin\\ConnectIQ\\Sdks\\connectiq-sdk-win-7.3.1-2024-09-23-df7b5816a\\samples\\Analog\\source\\AnalogGoalView.mc" id="21" lineNum="44" parent="globals/AnalogGoalView" pc="268436214" symbol="onUpdate"/>
        <entry filename="C:\\Users\\hideta\\AppData\\Roaming\\Garmin\\ConnectIQ\\Sdks\\connectiq-sdk-win-7.3.1-2024-09-23-df7b5816a\\samples\\Analog\\source\\AnalogGoalView.mc" id="21" lineNum="45" parent="globals/AnalogGoalView" pc="268436218" symbol="onUpdate"/>
        <entry filename="C:\\Users\\hideta\\AppData\\Roaming\\Garmin\\ConnectIQ\\Sdks\\connectiq-sdk-win-7.3.1-2024-09-23-df7b5816a\\samples\\Analog\\source\\AnalogGoalView.mc" id="21" lineNum="46" parent="globals/AnalogGoalView" pc="268436231" symbol="onUpdate"/>
        <entry filename="C:\\Users\\hideta\\AppData\\Roaming\\Garmin\\ConnectIQ\\Sdks\\connectiq-sdk-win-7.3.1-2024-09-23-df7b5816a\\samples\\Analog\\source\\AnalogGoalView.mc" id="21" lineNum="48" parent="globals/AnalogGoalView" pc="268436244" symbol="onUpdate"/>
        <entry filename="C:\\Users\\hideta\\AppData\\Roaming\\Garmin\\ConnectIQ\\Sdks\\connectiq-sdk-win-7.3.1-2024-09-23-df7b5816a\\samples\\Analog\\source\\AnalogGoalView.mc" id="21" lineNum="49" parent="globals/AnalogGoalView" pc="268436261" symbol="onUpdate"/>
        <entry filename="C:\\Users\\hideta\\AppData\\Roaming\\Garmin\\ConnectIQ\\Sdks\\connectiq-sdk-win-7.3.1-2024-09-23-df7b5816a\\samples\\Analog\\source\\AnalogGoalView.mc" id="21" lineNum="51" parent="globals/AnalogGoalView" pc="268436285" symbol="onUpdate"/>
        <entry filename="C:\\Users\\hideta\\AppData\\Roaming\\Garmin\\ConnectIQ\\Sdks\\connectiq-sdk-win-7.3.1-2024-09-23-df7b5816a\\samples\\Analog\\source\\AnalogGoalView.mc" id="21" lineNum="54" parent="globals/AnalogGoalView" pc="268436361" symbol="onUpdate"/>
        <entry filename="C:\\Users\\hideta\\AppData\\Roaming\\Garmin\\ConnectIQ\\Sdks\\connectiq-sdk-win-7.3.1-2024-09-23-df7b5816a\\samples\\Analog\\source\\AnalogGoalView.mc" id="21" lineNum="55" parent="globals/AnalogGoalView" pc="268436383" symbol="onUpdate"/>
        <entry filename="C:\\Users\\hideta\\AppData\\Roaming\\Garmin\\ConnectIQ\\Sdks\\connectiq-sdk-win-7.3.1-2024-09-23-df7b5816a\\samples\\Analog\\source\\AnalogGoalView.mc" id="21" lineNum="58" parent="globals/AnalogGoalView" pc="268436409" symbol="onUpdate"/>
        <entry filename="C:\\Users\\hideta\\AppData\\Roaming\\Garmin\\ConnectIQ\\Sdks\\connectiq-sdk-win-7.3.1-2024-09-23-df7b5816a\\samples\\Analog\\source\\AnalogGoalView.mc" id="21" lineNum="59" parent="globals/AnalogGoalView" pc="268436431" symbol="onUpdate"/>
        <entry filename="C:\\Users\\hideta\\AppData\\Roaming\\Garmin\\ConnectIQ\\Sdks\\connectiq-sdk-win-7.3.1-2024-09-23-df7b5816a\\samples\\Analog\\source\\AnalogGoalView.mc" id="21" lineNum="62" parent="globals/AnalogGoalView" pc="268436600" symbol="onUpdate"/>
        <entry filename="C:\\Users\\hideta\\AppData\\Roaming\\Garmin\\ConnectIQ\\Sdks\\connectiq-sdk-win-7.3.1-2024-09-23-df7b5816a\\samples\\Analog\\source\\AnalogGoalView.mc" id="21" lineNum="63" parent="globals/AnalogGoalView" pc="268436622" symbol="onUpdate"/>
        <entry filename="C:\\Users\\hideta\\AppData\\Roaming\\Garmin\\ConnectIQ\\Sdks\\connectiq-sdk-win-7.3.1-2024-09-23-df7b5816a\\samples\\Analog\\source\\AnalogGoalView.mc" id="21" lineNum="66" parent="globals/AnalogGoalView" pc="268436662" symbol="onUpdate"/>
        <entry filename="C:\\Users\\hideta\\AppData\\Roaming\\Garmin\\ConnectIQ\\Sdks\\connectiq-sdk-win-7.3.1-2024-09-23-df7b5816a\\samples\\Analog\\source\\AnalogSettingsView.mc" id="22" lineNum="42" parent="globals/AnalogSettingsDelegate" pc="268436709" symbol="onMenu"/>
        <entry filename="C:\\Users\\hideta\\AppData\\Roaming\\Garmin\\ConnectIQ\\Sdks\\connectiq-sdk-win-7.3.1-2024-09-23-df7b5816a\\samples\\Analog\\source\\AnalogSettingsView.mc" id="22" lineNum="43" parent="globals/AnalogSettingsDelegate" pc="268436713" symbol="onMenu"/>
        <entry filename="C:\\Users\\hideta\\AppData\\Roaming\\Garmin\\ConnectIQ\\Sdks\\connectiq-sdk-win-7.3.1-2024-09-23-df7b5816a\\samples\\Analog\\source\\AnalogSettingsView.mc" id="22" lineNum="44" parent="globals/AnalogSettingsDelegate" pc="268436741" symbol="onMenu"/>
        <entry filename="C:\\Users\\hideta\\AppData\\Roaming\\Garmin\\ConnectIQ\\Sdks\\connectiq-sdk-win-7.3.1-2024-09-23-df7b5816a\\samples\\Analog\\source\\AnalogSettingsView.mc" id="22" lineNum="45" parent="globals/AnalogSettingsDelegate" pc="268436773" symbol="onMenu"/>
        <entry filename="C:\\Users\\hideta\\AppData\\Roaming\\Garmin\\ConnectIQ\\Sdks\\connectiq-sdk-win-7.3.1-2024-09-23-df7b5816a\\samples\\Analog\\source\\AnalogSettingsView.mc" id="22" lineNum="47" parent="globals/AnalogSettingsDelegate" pc="268436825" symbol="onMenu"/>
        <entry filename="C:\\Users\\hideta\\AppData\\Roaming\\Garmin\\ConnectIQ\\Sdks\\connectiq-sdk-win-7.3.1-2024-09-23-df7b5816a\\samples\\Analog\\source\\AnalogSettingsView.mc" id="22" lineNum="48" parent="globals/AnalogSettingsDelegate" pc="268436857" symbol="onMenu"/>
        <entry filename="C:\\Users\\hideta\\AppData\\Roaming\\Garmin\\ConnectIQ\\Sdks\\connectiq-sdk-win-7.3.1-2024-09-23-df7b5816a\\samples\\Analog\\source\\AnalogSettingsView.mc" id="22" lineNum="50" parent="globals/AnalogSettingsDelegate" pc="268436909" symbol="onMenu"/>
        <entry filename="C:\\Users\\hideta\\AppData\\Roaming\\Garmin\\ConnectIQ\\Sdks\\connectiq-sdk-win-7.3.1-2024-09-23-df7b5816a\\samples\\Analog\\source\\AnalogSettingsView.mc" id="22" lineNum="51" parent="globals/AnalogSettingsDelegate" pc="268436941" symbol="onMenu"/>
        <entry filename="C:\\Users\\hideta\\AppData\\Roaming\\Garmin\\ConnectIQ\\Sdks\\connectiq-sdk-win-7.3.1-2024-09-23-df7b5816a\\samples\\Analog\\source\\AnalogSettingsView.mc" id="22" lineNum="53" parent="globals/AnalogSettingsDelegate" pc="268436993" symbol="onMenu"/>
        <entry filename="C:\\Users\\hideta\\AppData\\Roaming\\Garmin\\ConnectIQ\\Sdks\\connectiq-sdk-win-7.3.1-2024-09-23-df7b5816a\\samples\\Analog\\source\\AnalogSettingsView.mc" id="22" lineNum="54" parent="globals/AnalogSettingsDelegate" pc="268437025" symbol="onMenu"/>
        <entry filename="C:\\Users\\hideta\\AppData\\Roaming\\Garmin\\ConnectIQ\\Sdks\\connectiq-sdk-win-7.3.1-2024-09-23-df7b5816a\\samples\\Analog\\source\\AnalogSettingsView.mc" id="22" lineNum="56" parent="globals/AnalogSettingsDelegate" pc="268437077" symbol="onMenu"/>
        <entry filename="C:\\Users\\hideta\\AppData\\Roaming\\Garmin\\ConnectIQ\\Sdks\\connectiq-sdk-win-7.3.1-2024-09-23-df7b5816a\\samples\\Analog\\source\\AnalogSettingsView.mc" id="22" lineNum="57" parent="globals/AnalogSettingsDelegate" pc="268437126" symbol="onMenu"/>
        <entry filename="C:\\Users\\hideta\\AppData\\Roaming\\Garmin\\ConnectIQ\\Sdks\\connectiq-sdk-win-7.3.1-2024-09-23-df7b5816a\\samples\\Analog\\source\\AnalogSettingsView.mc" id="23" lineNum="36" parent="globals/AnalogSettingsDelegate" pc="268437129" symbol="initialize"/>
        <entry filename="C:\\Users\\hideta\\AppData\\Roaming\\Garmin\\ConnectIQ\\Sdks\\connectiq-sdk-win-7.3.1-2024-09-23-df7b5816a\\samples\\Analog\\source\\AnalogSettingsView.mc" id="23" lineNum="37" parent="globals/AnalogSettingsDelegate" pc="268437131" symbol="initialize"/>
        <entry filename="C:\\Users\\hideta\\AppData\\Roaming\\Garmin\\ConnectIQ\\Sdks\\connectiq-sdk-win-7.3.1-2024-09-23-df7b5816a\\samples\\Analog\\source\\AnalogView.mc" id="24" lineNum="283" parent="globals/AnalogView" pc="268437150" symbol="&lt;globals/AnalogView/&lt;&gt;drawDateString&gt;"/>
        <entry filename="C:\\Users\\hideta\\AppData\\Roaming\\Garmin\\ConnectIQ\\Sdks\\connectiq-sdk-win-7.3.1-2024-09-23-df7b5816a\\samples\\Analog\\source\\AnalogView.mc" id="24" lineNum="284" parent="globals/AnalogView" pc="268437154" symbol="&lt;globals/AnalogView/&lt;&gt;drawDateString&gt;"/>
        <entry filename="C:\\Users\\hideta\\AppData\\Roaming\\Garmin\\ConnectIQ\\Sdks\\connectiq-sdk-win-7.3.1-2024-09-23-df7b5816a\\samples\\Analog\\source\\AnalogView.mc" id="24" lineNum="285" parent="globals/AnalogView" pc="268437191" symbol="&lt;globals/AnalogView/&lt;&gt;drawDateString&gt;"/>
        <entry filename="C:\\Users\\hideta\\AppData\\Roaming\\Garmin\\ConnectIQ\\Sdks\\connectiq-sdk-win-7.3.1-2024-09-23-df7b5816a\\samples\\Analog\\source\\AnalogView.mc" id="24" lineNum="287" parent="globals/AnalogView" pc="268437267" symbol="&lt;globals/AnalogView/&lt;&gt;drawDateString&gt;"/>
        <entry filename="C:\\Users\\hideta\\AppData\\Roaming\\Garmin\\ConnectIQ\\Sdks\\connectiq-sdk-win-7.3.1-2024-09-23-df7b5816a\\samples\\Analog\\source\\AnalogView.mc" id="24" lineNum="288" parent="globals/AnalogView" pc="268437289" symbol="&lt;globals/AnalogView/&lt;&gt;drawDateString&gt;"/>
        <entry filename="C:\\Users\\hideta\\AppData\\Roaming\\Garmin\\ConnectIQ\\Sdks\\connectiq-sdk-win-7.3.1-2024-09-23-df7b5816a\\samples\\Analog\\source\\AnalogView.mc" id="25" lineNum="381" parent="globals/AnalogView" pc="268437318" symbol="onExitSleep"/>
        <entry filename="C:\\Users\\hideta\\AppData\\Roaming\\Garmin\\ConnectIQ\\Sdks\\connectiq-sdk-win-7.3.1-2024-09-23-df7b5816a\\samples\\Analog\\source\\AnalogView.mc" id="25" lineNum="382" parent="globals/AnalogView" pc="268437320" symbol="onExitSleep"/>
        <entry filename="C:\\Users\\hideta\\AppData\\Roaming\\Garmin\\ConnectIQ\\Sdks\\connectiq-sdk-win-7.3.1-2024-09-23-df7b5816a\\samples\\Analog\\source\\AnalogView.mc" id="26" lineNum="386" parent="globals/AnalogView" pc="268437331" symbol="turnPartialUpdatesOff"/>
        <entry filename="C:\\Users\\hideta\\AppData\\Roaming\\Garmin\\ConnectIQ\\Sdks\\connectiq-sdk-win-7.3.1-2024-09-23-df7b5816a\\samples\\Analog\\source\\AnalogView.mc" id="26" lineNum="387" parent="globals/AnalogView" pc="268437333" symbol="turnPartialUpdatesOff"/>
        <entry filename="C:\\Users\\hideta\\AppData\\Roaming\\Garmin\\ConnectIQ\\Sdks\\connectiq-sdk-win-7.3.1-2024-09-23-df7b5816a\\samples\\Analog\\source\\AnalogView.mc" id="27" lineNum="124" parent="globals/AnalogView" pc="268437344" symbol="&lt;globals/AnalogView/&lt;&gt;drawHashMarks&gt;"/>
        <entry filename="C:\\Users\\hideta\\AppData\\Roaming\\Garmin\\ConnectIQ\\Sdks\\connectiq-sdk-win-7.3.1-2024-09-23-df7b5816a\\samples\\Analog\\source\\AnalogView.mc" id="27" lineNum="125" parent="globals/AnalogView" pc="268437348" symbol="&lt;globals/AnalogView/&lt;&gt;drawHashMarks&gt;"/>
        <entry filename="C:\\Users\\hideta\\AppData\\Roaming\\Garmin\\ConnectIQ\\Sdks\\connectiq-sdk-win-7.3.1-2024-09-23-df7b5816a\\samples\\Analog\\source\\AnalogView.mc" id="27" lineNum="126" parent="globals/AnalogView" pc="268437361" symbol="&lt;globals/AnalogView/&lt;&gt;drawHashMarks&gt;"/>
        <entry filename="C:\\Users\\hideta\\AppData\\Roaming\\Garmin\\ConnectIQ\\Sdks\\connectiq-sdk-win-7.3.1-2024-09-23-df7b5816a\\samples\\Analog\\source\\AnalogView.mc" id="27" lineNum="129" parent="globals/AnalogView" pc="268437374" symbol="&lt;globals/AnalogView/&lt;&gt;drawHashMarks&gt;"/>
        <entry filename="C:\\Users\\hideta\\AppData\\Roaming\\Garmin\\ConnectIQ\\Sdks\\connectiq-sdk-win-7.3.1-2024-09-23-df7b5816a\\samples\\Analog\\source\\AnalogView.mc" id="27" lineNum="130" parent="globals/AnalogView" pc="268437391" symbol="&lt;globals/AnalogView/&lt;&gt;drawHashMarks&gt;"/>
        <entry filename="C:\\Users\\hideta\\AppData\\Roaming\\Garmin\\ConnectIQ\\Sdks\\connectiq-sdk-win-7.3.1-2024-09-23-df7b5816a\\samples\\Analog\\source\\AnalogView.mc" id="27" lineNum="131" parent="globals/AnalogView" pc="268437401" symbol="&lt;globals/AnalogView/&lt;&gt;drawHashMarks&gt;"/>
        <entry filename="C:\\Users\\hideta\\AppData\\Roaming\\Garmin\\ConnectIQ\\Sdks\\connectiq-sdk-win-7.3.1-2024-09-23-df7b5816a\\samples\\Analog\\source\\AnalogView.mc" id="27" lineNum="133" parent="globals/AnalogView" pc="268437411" symbol="&lt;globals/AnalogView/&lt;&gt;drawHashMarks&gt;"/>
        <entry filename="C:\\Users\\hideta\\AppData\\Roaming\\Garmin\\ConnectIQ\\Sdks\\connectiq-sdk-win-7.3.1-2024-09-23-df7b5816a\\samples\\Analog\\source\\AnalogView.mc" id="27" lineNum="135" parent="globals/AnalogView" pc="268437429" symbol="&lt;globals/AnalogView/&lt;&gt;drawHashMarks&gt;"/>
        <entry filename="C:\\Users\\hideta\\AppData\\Roaming\\Garmin\\ConnectIQ\\Sdks\\connectiq-sdk-win-7.3.1-2024-09-23-df7b5816a\\samples\\Analog\\source\\AnalogView.mc" id="27" lineNum="136" parent="globals/AnalogView" pc="268437454" symbol="&lt;globals/AnalogView/&lt;&gt;drawHashMarks&gt;"/>
        <entry filename="C:\\Users\\hideta\\AppData\\Roaming\\Garmin\\ConnectIQ\\Sdks\\connectiq-sdk-win-7.3.1-2024-09-23-df7b5816a\\samples\\Analog\\source\\AnalogView.mc" id="27" lineNum="137" parent="globals/AnalogView" pc="268437479" symbol="&lt;globals/AnalogView/&lt;&gt;drawHashMarks&gt;"/>
        <entry filename="C:\\Users\\hideta\\AppData\\Roaming\\Garmin\\ConnectIQ\\Sdks\\connectiq-sdk-win-7.3.1-2024-09-23-df7b5816a\\samples\\Analog\\source\\AnalogView.mc" id="27" lineNum="138" parent="globals/AnalogView" pc="268437504" symbol="&lt;globals/AnalogView/&lt;&gt;drawHashMarks&gt;"/>
        <entry filename="C:\\Users\\hideta\\AppData\\Roaming\\Garmin\\ConnectIQ\\Sdks\\connectiq-sdk-win-7.3.1-2024-09-23-df7b5816a\\samples\\Analog\\source\\AnalogView.mc" id="27" lineNum="139" parent="globals/AnalogView" pc="268437529" symbol="&lt;globals/AnalogView/&lt;&gt;drawHashMarks&gt;"/>
        <entry filename="C:\\Users\\hideta\\AppData\\Roaming\\Garmin\\ConnectIQ\\Sdks\\connectiq-sdk-win-7.3.1-2024-09-23-df7b5816a\\samples\\Analog\\source\\AnalogView.mc" id="27" lineNum="140" parent="globals/AnalogView" pc="268437549" symbol="&lt;globals/AnalogView/&lt;&gt;drawHashMarks&gt;"/>
        <entry filename="C:\\Users\\hideta\\AppData\\Roaming\\Garmin\\ConnectIQ\\Sdks\\connectiq-sdk-win-7.3.1-2024-09-23-df7b5816a\\samples\\Analog\\source\\AnalogView.mc" id="27" lineNum="141" parent="globals/AnalogView" pc="268437559" symbol="&lt;globals/AnalogView/&lt;&gt;drawHashMarks&gt;"/>
        <entry filename="C:\\Users\\hideta\\AppData\\Roaming\\Garmin\\ConnectIQ\\Sdks\\connectiq-sdk-win-7.3.1-2024-09-23-df7b5816a\\samples\\Analog\\source\\AnalogView.mc" id="27" lineNum="142" parent="globals/AnalogView" pc="268437584" symbol="&lt;globals/AnalogView/&lt;&gt;drawHashMarks&gt;"/>
        <entry filename="C:\\Users\\hideta\\AppData\\Roaming\\Garmin\\ConnectIQ\\Sdks\\connectiq-sdk-win-7.3.1-2024-09-23-df7b5816a\\samples\\Analog\\source\\AnalogView.mc" id="27" lineNum="143" parent="globals/AnalogView" pc="268437609" symbol="&lt;globals/AnalogView/&lt;&gt;drawHashMarks&gt;"/>
        <entry filename="C:\\Users\\hideta\\AppData\\Roaming\\Garmin\\ConnectIQ\\Sdks\\connectiq-sdk-win-7.3.1-2024-09-23-df7b5816a\\samples\\Analog\\source\\AnalogView.mc" id="27" lineNum="144" parent="globals/AnalogView" pc="268437634" symbol="&lt;globals/AnalogView/&lt;&gt;drawHashMarks&gt;"/>
        <entry filename="C:\\Users\\hideta\\AppData\\Roaming\\Garmin\\ConnectIQ\\Sdks\\connectiq-sdk-win-7.3.1-2024-09-23-df7b5816a\\samples\\Analog\\source\\AnalogView.mc" id="27" lineNum="145" parent="globals/AnalogView" pc="268437659" symbol="&lt;globals/AnalogView/&lt;&gt;drawHashMarks&gt;"/>
        <entry filename="C:\\Users\\hideta\\AppData\\Roaming\\Garmin\\ConnectIQ\\Sdks\\connectiq-sdk-win-7.3.1-2024-09-23-df7b5816a\\samples\\Analog\\source\\AnalogView.mc" id="27" lineNum="148" parent="globals/AnalogView" pc="268437695" symbol="&lt;globals/AnalogView/&lt;&gt;drawHashMarks&gt;"/>
        <entry filename="C:\\Users\\hideta\\AppData\\Roaming\\Garmin\\ConnectIQ\\Sdks\\connectiq-sdk-win-7.3.1-2024-09-23-df7b5816a\\samples\\Analog\\source\\AnalogView.mc" id="27" lineNum="149" parent="globals/AnalogView" pc="268437764" symbol="&lt;globals/AnalogView/&lt;&gt;drawHashMarks&gt;"/>
        <entry filename="C:\\Users\\hideta\\AppData\\Roaming\\Garmin\\ConnectIQ\\Sdks\\connectiq-sdk-win-7.3.1-2024-09-23-df7b5816a\\samples\\Analog\\source\\AnalogView.mc" id="27" lineNum="150" parent="globals/AnalogView" pc="268437788" symbol="&lt;globals/AnalogView/&lt;&gt;drawHashMarks&gt;"/>
        <entry filename="C:\\Users\\hideta\\AppData\\Roaming\\Garmin\\ConnectIQ\\Sdks\\connectiq-sdk-win-7.3.1-2024-09-23-df7b5816a\\samples\\Analog\\source\\AnalogView.mc" id="27" lineNum="151" parent="globals/AnalogView" pc="268437813" symbol="&lt;globals/AnalogView/&lt;&gt;drawHashMarks&gt;"/>
        <entry filename="C:\\Users\\hideta\\AppData\\Roaming\\Garmin\\ConnectIQ\\Sdks\\connectiq-sdk-win-7.3.1-2024-09-23-df7b5816a\\samples\\Analog\\source\\AnalogView.mc" id="27" lineNum="153" parent="globals/AnalogView" pc="268437829" symbol="&lt;globals/AnalogView/&lt;&gt;drawHashMarks&gt;"/>
        <entry filename="C:\\Users\\hideta\\AppData\\Roaming\\Garmin\\ConnectIQ\\Sdks\\connectiq-sdk-win-7.3.1-2024-09-23-df7b5816a\\samples\\Analog\\source\\AnalogView.mc" id="27" lineNum="158" parent="globals/AnalogView" pc="268438025" symbol="&lt;globals/AnalogView/&lt;&gt;drawHashMarks&gt;"/>
        <entry filename="C:\\Users\\hideta\\AppData\\Roaming\\Garmin\\ConnectIQ\\Sdks\\connectiq-sdk-win-7.3.1-2024-09-23-df7b5816a\\samples\\Analog\\source\\AnalogView.mc" id="28" lineNum="38" parent="globals/AnalogView" pc="268438247" symbol="onLayout"/>
        <entry filename="C:\\Users\\hideta\\AppData\\Roaming\\Garmin\\ConnectIQ\\Sdks\\connectiq-sdk-win-7.3.1-2024-09-23-df7b5816a\\samples\\Analog\\source\\AnalogView.mc" id="28" lineNum="41" parent="globals/AnalogView" pc="268438251" symbol="onLayout"/>
        <entry filename="C:\\Users\\hideta\\AppData\\Roaming\\Garmin\\ConnectIQ\\Sdks\\connectiq-sdk-win-7.3.1-2024-09-23-df7b5816a\\samples\\Analog\\source\\AnalogView.mc" id="28" lineNum="45" parent="globals/AnalogView" pc="268438298" symbol="onLayout"/>
        <entry filename="C:\\Users\\hideta\\AppData\\Roaming\\Garmin\\ConnectIQ\\Sdks\\connectiq-sdk-win-7.3.1-2024-09-23-df7b5816a\\samples\\Analog\\source\\AnalogView.mc" id="28" lineNum="46" parent="globals/AnalogView" pc="268438322" symbol="onLayout"/>
        <entry filename="C:\\Users\\hideta\\AppData\\Roaming\\Garmin\\ConnectIQ\\Sdks\\connectiq-sdk-win-7.3.1-2024-09-23-df7b5816a\\samples\\Analog\\source\\AnalogView.mc" id="28" lineNum="48" parent="globals/AnalogView" pc="268438372" symbol="onLayout"/>
        <entry filename="C:\\Users\\hideta\\AppData\\Roaming\\Garmin\\ConnectIQ\\Sdks\\connectiq-sdk-win-7.3.1-2024-09-23-df7b5816a\\samples\\Analog\\source\\AnalogView.mc" id="28" lineNum="51" parent="globals/AnalogView" pc="268438381" symbol="onLayout"/>
        <entry filename="C:\\Users\\hideta\\AppData\\Roaming\\Garmin\\ConnectIQ\\Sdks\\connectiq-sdk-win-7.3.1-2024-09-23-df7b5816a\\samples\\Analog\\source\\AnalogView.mc" id="28" lineNum="62" parent="globals/AnalogView" pc="268438493" symbol="onLayout"/>
        <entry filename="C:\\Users\\hideta\\AppData\\Roaming\\Garmin\\ConnectIQ\\Sdks\\connectiq-sdk-win-7.3.1-2024-09-23-df7b5816a\\samples\\Analog\\source\\AnalogView.mc" id="28" lineNum="67" parent="globals/AnalogView" pc="268438548" symbol="onLayout"/>
        <entry filename="C:\\Users\\hideta\\AppData\\Roaming\\Garmin\\ConnectIQ\\Sdks\\connectiq-sdk-win-7.3.1-2024-09-23-df7b5816a\\samples\\Analog\\source\\AnalogView.mc" id="28" lineNum="69" parent="globals/AnalogView" pc="268438553" symbol="onLayout"/>
        <entry filename="C:\\Users\\hideta\\AppData\\Roaming\\Garmin\\ConnectIQ\\Sdks\\connectiq-sdk-win-7.3.1-2024-09-23-df7b5816a\\samples\\Analog\\source\\AnalogView.mc" id="28" lineNum="71" parent="globals/AnalogView" pc="268438587" symbol="onLayout"/>
        <entry filename="C:\\Users\\hideta\\AppData\\Roaming\\Garmin\\ConnectIQ\\Sdks\\connectiq-sdk-win-7.3.1-2024-09-23-df7b5816a\\samples\\Analog\\source\\AnalogView.mc" id="28" lineNum="72" parent="globals/AnalogView" pc="268438624" symbol="onLayout"/>
        <entry filename="C:\\Users\\hideta\\AppData\\Roaming\\Garmin\\ConnectIQ\\Sdks\\connectiq-sdk-win-7.3.1-2024-09-23-df7b5816a\\samples\\Analog\\source\\AnalogView.mc" id="28" lineNum="76" parent="globals/AnalogView" pc="268438639" symbol="onLayout"/>
        <entry filename="C:\\Users\\hideta\\AppData\\Roaming\\Garmin\\ConnectIQ\\Sdks\\connectiq-sdk-win-7.3.1-2024-09-23-df7b5816a\\samples\\Analog\\source\\AnalogView.mc" id="28" lineNum="82" parent="globals/AnalogView" pc="268438675" symbol="onLayout"/>
        <entry filename="C:\\Users\\hideta\\AppData\\Roaming\\Garmin\\ConnectIQ\\Sdks\\connectiq-sdk-win-7.3.1-2024-09-23-df7b5816a\\samples\\Analog\\source\\AnalogView.mc" id="28" lineNum="84" parent="globals/AnalogView" pc="268438714" symbol="onLayout"/>
        <entry filename="C:\\Users\\hideta\\AppData\\Roaming\\Garmin\\ConnectIQ\\Sdks\\connectiq-sdk-win-7.3.1-2024-09-23-df7b5816a\\samples\\Analog\\source\\AnalogView.mc" id="28" lineNum="85" parent="globals/AnalogView" pc="268438723" symbol="onLayout"/>
        <entry filename="C:\\Users\\hideta\\AppData\\Roaming\\Garmin\\ConnectIQ\\Sdks\\connectiq-sdk-win-7.3.1-2024-09-23-df7b5816a\\samples\\Analog\\source\\AnalogView.mc" id="28" lineNum="88" parent="globals/AnalogView" pc="268438732" symbol="onLayout"/>
        <entry filename="C:\\Users\\hideta\\AppData\\Roaming\\Garmin\\ConnectIQ\\Sdks\\connectiq-sdk-win-7.3.1-2024-09-23-df7b5816a\\samples\\Analog\\source\\AnalogView.mc" id="29" lineNum="321" parent="globals/AnalogView" pc="268438797" symbol="&lt;globals/AnalogView/&lt;&gt;getBoundingBox&gt;"/>
        <entry filename="C:\\Users\\hideta\\AppData\\Roaming\\Garmin\\ConnectIQ\\Sdks\\connectiq-sdk-win-7.3.1-2024-09-23-df7b5816a\\samples\\Analog\\source\\AnalogView.mc" id="29" lineNum="322" parent="globals/AnalogView" pc="268438801" symbol="&lt;globals/AnalogView/&lt;&gt;getBoundingBox&gt;"/>
        <entry filename="C:\\Users\\hideta\\AppData\\Roaming\\Garmin\\ConnectIQ\\Sdks\\connectiq-sdk-win-7.3.1-2024-09-23-df7b5816a\\samples\\Analog\\source\\AnalogView.mc" id="29" lineNum="323" parent="globals/AnalogView" pc="268438835" symbol="&lt;globals/AnalogView/&lt;&gt;getBoundingBox&gt;"/>
        <entry filename="C:\\Users\\hideta\\AppData\\Roaming\\Garmin\\ConnectIQ\\Sdks\\connectiq-sdk-win-7.3.1-2024-09-23-df7b5816a\\samples\\Analog\\source\\AnalogView.mc" id="29" lineNum="325" parent="globals/AnalogView" pc="268438869" symbol="&lt;globals/AnalogView/&lt;&gt;getBoundingBox&gt;"/>
        <entry filename="C:\\Users\\hideta\\AppData\\Roaming\\Garmin\\ConnectIQ\\Sdks\\connectiq-sdk-win-7.3.1-2024-09-23-df7b5816a\\samples\\Analog\\source\\AnalogView.mc" id="29" lineNum="326" parent="globals/AnalogView" pc="268438893" symbol="&lt;globals/AnalogView/&lt;&gt;getBoundingBox&gt;"/>
        <entry filename="C:\\Users\\hideta\\AppData\\Roaming\\Garmin\\ConnectIQ\\Sdks\\connectiq-sdk-win-7.3.1-2024-09-23-df7b5816a\\samples\\Analog\\source\\AnalogView.mc" id="29" lineNum="327" parent="globals/AnalogView" pc="268438916" symbol="&lt;globals/AnalogView/&lt;&gt;getBoundingBox&gt;"/>
        <entry filename="C:\\Users\\hideta\\AppData\\Roaming\\Garmin\\ConnectIQ\\Sdks\\connectiq-sdk-win-7.3.1-2024-09-23-df7b5816a\\samples\\Analog\\source\\AnalogView.mc" id="29" lineNum="330" parent="globals/AnalogView" pc="268438938" symbol="&lt;globals/AnalogView/&lt;&gt;getBoundingBox&gt;"/>
        <entry filename="C:\\Users\\hideta\\AppData\\Roaming\\Garmin\\ConnectIQ\\Sdks\\connectiq-sdk-win-7.3.1-2024-09-23-df7b5816a\\samples\\Analog\\source\\AnalogView.mc" id="29" lineNum="331" parent="globals/AnalogView" pc="268438961" symbol="&lt;globals/AnalogView/&lt;&gt;getBoundingBox&gt;"/>
        <entry filename="C:\\Users\\hideta\\AppData\\Roaming\\Garmin\\ConnectIQ\\Sdks\\connectiq-sdk-win-7.3.1-2024-09-23-df7b5816a\\samples\\Analog\\source\\AnalogView.mc" id="29" lineNum="334" parent="globals/AnalogView" pc="268438983" symbol="&lt;globals/AnalogView/&lt;&gt;getBoundingBox&gt;"/>
        <entry filename="C:\\Users\\hideta\\AppData\\Roaming\\Garmin\\ConnectIQ\\Sdks\\connectiq-sdk-win-7.3.1-2024-09-23-df7b5816a\\samples\\Analog\\source\\AnalogView.mc" id="29" lineNum="335" parent="globals/AnalogView" pc="268439006" symbol="&lt;globals/AnalogView/&lt;&gt;getBoundingBox&gt;"/>
        <entry filename="C:\\Users\\hideta\\AppData\\Roaming\\Garmin\\ConnectIQ\\Sdks\\connectiq-sdk-win-7.3.1-2024-09-23-df7b5816a\\samples\\Analog\\source\\AnalogView.mc" id="29" lineNum="338" parent="globals/AnalogView" pc="268439028" symbol="&lt;globals/AnalogView/&lt;&gt;getBoundingBox&gt;"/>
        <entry filename="C:\\Users\\hideta\\AppData\\Roaming\\Garmin\\ConnectIQ\\Sdks\\connectiq-sdk-win-7.3.1-2024-09-23-df7b5816a\\samples\\Analog\\source\\AnalogView.mc" id="29" lineNum="339" parent="globals/AnalogView" pc="268439051" symbol="&lt;globals/AnalogView/&lt;&gt;getBoundingBox&gt;"/>
        <entry filename="C:\\Users\\hideta\\AppData\\Roaming\\Garmin\\ConnectIQ\\Sdks\\connectiq-sdk-win-7.3.1-2024-09-23-df7b5816a\\samples\\Analog\\source\\AnalogView.mc" id="29" lineNum="343" parent="globals/AnalogView" pc="268439086" symbol="&lt;globals/AnalogView/&lt;&gt;getBoundingBox&gt;"/>
        <entry filename="C:\\Users\\hideta\\AppData\\Roaming\\Garmin\\ConnectIQ\\Sdks\\connectiq-sdk-win-7.3.1-2024-09-23-df7b5816a\\samples\\Analog\\source\\AnalogView.mc" id="30" lineNum="293" parent="globals/AnalogView" pc="268439113" symbol="onPartialUpdate"/>
        <entry filename="C:\\Users\\hideta\\AppData\\Roaming\\Garmin\\ConnectIQ\\Sdks\\connectiq-sdk-win-7.3.1-2024-09-23-df7b5816a\\samples\\Analog\\source\\AnalogView.mc" id="30" lineNum="297" parent="globals/AnalogView" pc="268439117" symbol="onPartialUpdate"/>
        <entry filename="C:\\Users\\hideta\\AppData\\Roaming\\Garmin\\ConnectIQ\\Sdks\\connectiq-sdk-win-7.3.1-2024-09-23-df7b5816a\\samples\\Analog\\source\\AnalogView.mc" id="30" lineNum="298" parent="globals/AnalogView" pc="268439129" symbol="onPartialUpdate"/>
        <entry filename="C:\\Users\\hideta\\AppData\\Roaming\\Garmin\\ConnectIQ\\Sdks\\connectiq-sdk-win-7.3.1-2024-09-23-df7b5816a\\samples\\Analog\\source\\AnalogView.mc" id="30" lineNum="301" parent="globals/AnalogView" pc="268439146" symbol="onPartialUpdate"/>
        <entry filename="C:\\Users\\hideta\\AppData\\Roaming\\Garmin\\ConnectIQ\\Sdks\\connectiq-sdk-win-7.3.1-2024-09-23-df7b5816a\\samples\\Analog\\source\\AnalogView.mc" id="30" lineNum="303" parent="globals/AnalogView" pc="268439163" symbol="onPartialUpdate"/>
        <entry filename="C:\\Users\\hideta\\AppData\\Roaming\\Garmin\\ConnectIQ\\Sdks\\connectiq-sdk-win-7.3.1-2024-09-23-df7b5816a\\samples\\Analog\\source\\AnalogView.mc" id="30" lineNum="304" parent="globals/AnalogView" pc="268439176" symbol="onPartialUpdate"/>
        <entry filename="C:\\Users\\hideta\\AppData\\Roaming\\Garmin\\ConnectIQ\\Sdks\\connectiq-sdk-win-7.3.1-2024-09-23-df7b5816a\\samples\\Analog\\source\\AnalogView.mc" id="30" lineNum="305" parent="globals/AnalogView" pc="268439204" symbol="onPartialUpdate"/>
        <entry filename="C:\\Users\\hideta\\AppData\\Roaming\\Garmin\\ConnectIQ\\Sdks\\connectiq-sdk-win-7.3.1-2024-09-23-df7b5816a\\samples\\Analog\\source\\AnalogView.mc" id="30" lineNum="307" parent="globals/AnalogView" pc="268439266" symbol="onPartialUpdate"/>
        <entry filename="C:\\Users\\hideta\\AppData\\Roaming\\Garmin\\ConnectIQ\\Sdks\\connectiq-sdk-win-7.3.1-2024-09-23-df7b5816a\\samples\\Analog\\source\\AnalogView.mc" id="30" lineNum="308" parent="globals/AnalogView" pc="268439281" symbol="onPartialUpdate"/>
        <entry filename="C:\\Users\\hideta\\AppData\\Roaming\\Garmin\\ConnectIQ\\Sdks\\connectiq-sdk-win-7.3.1-2024-09-23-df7b5816a\\samples\\Analog\\source\\AnalogView.mc" id="30" lineNum="309" parent="globals/AnalogView" pc="268439318" symbol="onPartialUpdate"/>
        <entry filename="C:\\Users\\hideta\\AppData\\Roaming\\Garmin\\ConnectIQ\\Sdks\\connectiq-sdk-win-7.3.1-2024-09-23-df7b5816a\\samples\\Analog\\source\\AnalogView.mc" id="30" lineNum="310" parent="globals/AnalogView" pc="268439355" symbol="onPartialUpdate"/>
        <entry filename="C:\\Users\\hideta\\AppData\\Roaming\\Garmin\\ConnectIQ\\Sdks\\connectiq-sdk-win-7.3.1-2024-09-23-df7b5816a\\samples\\Analog\\source\\AnalogView.mc" id="30" lineNum="313" parent="globals/AnalogView" pc="268439399" symbol="onPartialUpdate"/>
        <entry filename="C:\\Users\\hideta\\AppData\\Roaming\\Garmin\\ConnectIQ\\Sdks\\connectiq-sdk-win-7.3.1-2024-09-23-df7b5816a\\samples\\Analog\\source\\AnalogView.mc" id="30" lineNum="314" parent="globals/AnalogView" pc="268439421" symbol="onPartialUpdate"/>
        <entry filename="C:\\Users\\hideta\\AppData\\Roaming\\Garmin\\ConnectIQ\\Sdks\\connectiq-sdk-win-7.3.1-2024-09-23-df7b5816a\\samples\\Analog\\source\\AnalogView.mc" id="31" lineNum="101" parent="globals/AnalogView" pc="268439439" symbol="&lt;globals/AnalogView/&lt;&gt;generateHandCoordinates&gt;"/>
        <entry filename="C:\\Users\\hideta\\AppData\\Roaming\\Garmin\\ConnectIQ\\Sdks\\connectiq-sdk-win-7.3.1-2024-09-23-df7b5816a\\samples\\Analog\\source\\AnalogView.mc" id="31" lineNum="103" parent="globals/AnalogView" pc="268439443" symbol="&lt;globals/AnalogView/&lt;&gt;generateHandCoordinates&gt;"/>
        <entry filename="C:\\Users\\hideta\\AppData\\Roaming\\Garmin\\ConnectIQ\\Sdks\\connectiq-sdk-win-7.3.1-2024-09-23-df7b5816a\\samples\\Analog\\source\\AnalogView.mc" id="31" lineNum="107" parent="globals/AnalogView" pc="268439635" symbol="&lt;globals/AnalogView/&lt;&gt;generateHandCoordinates&gt;"/>
        <entry filename="C:\\Users\\hideta\\AppData\\Roaming\\Garmin\\ConnectIQ\\Sdks\\connectiq-sdk-win-7.3.1-2024-09-23-df7b5816a\\samples\\Analog\\source\\AnalogView.mc" id="31" lineNum="108" parent="globals/AnalogView" pc="268439643" symbol="&lt;globals/AnalogView/&lt;&gt;generateHandCoordinates&gt;"/>
        <entry filename="C:\\Users\\hideta\\AppData\\Roaming\\Garmin\\ConnectIQ\\Sdks\\connectiq-sdk-win-7.3.1-2024-09-23-df7b5816a\\samples\\Analog\\source\\AnalogView.mc" id="31" lineNum="109" parent="globals/AnalogView" pc="268439662" symbol="&lt;globals/AnalogView/&lt;&gt;generateHandCoordinates&gt;"/>
        <entry filename="C:\\Users\\hideta\\AppData\\Roaming\\Garmin\\ConnectIQ\\Sdks\\connectiq-sdk-win-7.3.1-2024-09-23-df7b5816a\\samples\\Analog\\source\\AnalogView.mc" id="31" lineNum="112" parent="globals/AnalogView" pc="268439681" symbol="&lt;globals/AnalogView/&lt;&gt;generateHandCoordinates&gt;"/>
        <entry filename="C:\\Users\\hideta\\AppData\\Roaming\\Garmin\\ConnectIQ\\Sdks\\connectiq-sdk-win-7.3.1-2024-09-23-df7b5816a\\samples\\Analog\\source\\AnalogView.mc" id="31" lineNum="113" parent="globals/AnalogView" pc="268439699" symbol="&lt;globals/AnalogView/&lt;&gt;generateHandCoordinates&gt;"/>
        <entry filename="C:\\Users\\hideta\\AppData\\Roaming\\Garmin\\ConnectIQ\\Sdks\\connectiq-sdk-win-7.3.1-2024-09-23-df7b5816a\\samples\\Analog\\source\\AnalogView.mc" id="31" lineNum="114" parent="globals/AnalogView" pc="268439736" symbol="&lt;globals/AnalogView/&lt;&gt;generateHandCoordinates&gt;"/>
        <entry filename="C:\\Users\\hideta\\AppData\\Roaming\\Garmin\\ConnectIQ\\Sdks\\connectiq-sdk-win-7.3.1-2024-09-23-df7b5816a\\samples\\Analog\\source\\AnalogView.mc" id="31" lineNum="116" parent="globals/AnalogView" pc="268439773" symbol="&lt;globals/AnalogView/&lt;&gt;generateHandCoordinates&gt;"/>
        <entry filename="C:\\Users\\hideta\\AppData\\Roaming\\Garmin\\ConnectIQ\\Sdks\\connectiq-sdk-win-7.3.1-2024-09-23-df7b5816a\\samples\\Analog\\source\\AnalogView.mc" id="31" lineNum="119" parent="globals/AnalogView" pc="268439835" symbol="&lt;globals/AnalogView/&lt;&gt;generateHandCoordinates&gt;"/>
        <entry filename="C:\\Users\\hideta\\AppData\\Roaming\\Garmin\\ConnectIQ\\Sdks\\connectiq-sdk-win-7.3.1-2024-09-23-df7b5816a\\samples\\Analog\\source\\AnalogView.mc" id="32" lineNum="352" parent="globals/AnalogView" pc="268439838" symbol="&lt;globals/AnalogView/&lt;&gt;drawBackground&gt;"/>
        <entry filename="C:\\Users\\hideta\\AppData\\Roaming\\Garmin\\ConnectIQ\\Sdks\\connectiq-sdk-win-7.3.1-2024-09-23-df7b5816a\\samples\\Analog\\source\\AnalogView.mc" id="32" lineNum="353" parent="globals/AnalogView" pc="268439842" symbol="&lt;globals/AnalogView/&lt;&gt;drawBackground&gt;"/>
        <entry filename="C:\\Users\\hideta\\AppData\\Roaming\\Garmin\\ConnectIQ\\Sdks\\connectiq-sdk-win-7.3.1-2024-09-23-df7b5816a\\samples\\Analog\\source\\AnalogView.mc" id="32" lineNum="354" parent="globals/AnalogView" pc="268439855" symbol="&lt;globals/AnalogView/&lt;&gt;drawBackground&gt;"/>
        <entry filename="C:\\Users\\hideta\\AppData\\Roaming\\Garmin\\ConnectIQ\\Sdks\\connectiq-sdk-win-7.3.1-2024-09-23-df7b5816a\\samples\\Analog\\source\\AnalogView.mc" id="32" lineNum="358" parent="globals/AnalogView" pc="268439868" symbol="&lt;globals/AnalogView/&lt;&gt;drawBackground&gt;"/>
        <entry filename="C:\\Users\\hideta\\AppData\\Roaming\\Garmin\\ConnectIQ\\Sdks\\connectiq-sdk-win-7.3.1-2024-09-23-df7b5816a\\samples\\Analog\\source\\AnalogView.mc" id="32" lineNum="359" parent="globals/AnalogView" pc="268439881" symbol="&lt;globals/AnalogView/&lt;&gt;drawBackground&gt;"/>
        <entry filename="C:\\Users\\hideta\\AppData\\Roaming\\Garmin\\ConnectIQ\\Sdks\\connectiq-sdk-win-7.3.1-2024-09-23-df7b5816a\\samples\\Analog\\source\\AnalogView.mc" id="32" lineNum="363" parent="globals/AnalogView" pc="268439914" symbol="&lt;globals/AnalogView/&lt;&gt;drawBackground&gt;"/>
        <entry filename="C:\\Users\\hideta\\AppData\\Roaming\\Garmin\\ConnectIQ\\Sdks\\connectiq-sdk-win-7.3.1-2024-09-23-df7b5816a\\samples\\Analog\\source\\AnalogView.mc" id="32" lineNum="365" parent="globals/AnalogView" pc="268439927" symbol="&lt;globals/AnalogView/&lt;&gt;drawBackground&gt;"/>
        <entry filename="C:\\Users\\hideta\\AppData\\Roaming\\Garmin\\ConnectIQ\\Sdks\\connectiq-sdk-win-7.3.1-2024-09-23-df7b5816a\\samples\\Analog\\source\\AnalogView.mc" id="32" lineNum="368" parent="globals/AnalogView" pc="268439963" symbol="&lt;globals/AnalogView/&lt;&gt;drawBackground&gt;"/>
        <entry filename="C:\\Users\\hideta\\AppData\\Roaming\\Garmin\\ConnectIQ\\Sdks\\connectiq-sdk-win-7.3.1-2024-09-23-df7b5816a\\samples\\Analog\\source\\AnalogView.mc" id="33" lineNum="374" parent="globals/AnalogView" pc="268439994" symbol="onEnterSleep"/>
        <entry filename="C:\\Users\\hideta\\AppData\\Roaming\\Garmin\\ConnectIQ\\Sdks\\connectiq-sdk-win-7.3.1-2024-09-23-df7b5816a\\samples\\Analog\\source\\AnalogView.mc" id="33" lineNum="375" parent="globals/AnalogView" pc="268439996" symbol="onEnterSleep"/>
        <entry filename="C:\\Users\\hideta\\AppData\\Roaming\\Garmin\\ConnectIQ\\Sdks\\connectiq-sdk-win-7.3.1-2024-09-23-df7b5816a\\samples\\Analog\\source\\AnalogView.mc" id="33" lineNum="376" parent="globals/AnalogView" pc="268440006" symbol="onEnterSleep"/>
        <entry filename="C:\\Users\\hideta\\AppData\\Roaming\\Garmin\\ConnectIQ\\Sdks\\connectiq-sdk-win-7.3.1-2024-09-23-df7b5816a\\samples\\Analog\\source\\AnalogView.mc" id="34" lineNum="29" parent="globals/AnalogView" pc="268440023" symbol="initialize"/>
        <entry filename="C:\\Users\\hideta\\AppData\\Roaming\\Garmin\\ConnectIQ\\Sdks\\connectiq-sdk-win-7.3.1-2024-09-23-df7b5816a\\samples\\Analog\\source\\AnalogView.mc" id="34" lineNum="30" parent="globals/AnalogView" pc="268440025" symbol="initialize"/>
        <entry filename="C:\\Users\\hideta\\AppData\\Roaming\\Garmin\\ConnectIQ\\Sdks\\connectiq-sdk-win-7.3.1-2024-09-23-df7b5816a\\samples\\Analog\\source\\AnalogView.mc" id="34" lineNum="31" parent="globals/AnalogView" pc="268440043" symbol="initialize"/>
        <entry filename="C:\\Users\\hideta\\AppData\\Roaming\\Garmin\\ConnectIQ\\Sdks\\connectiq-sdk-win-7.3.1-2024-09-23-df7b5816a\\samples\\Analog\\source\\AnalogView.mc" id="34" lineNum="32" parent="globals/AnalogView" pc="268440072" symbol="initialize"/>
        <entry filename="C:\\Users\\hideta\\AppData\\Roaming\\Garmin\\ConnectIQ\\Sdks\\connectiq-sdk-win-7.3.1-2024-09-23-df7b5816a\\samples\\Analog\\source\\AnalogView.mc" id="34" lineNum="33" parent="globals/AnalogView" pc="268440082" symbol="initialize"/>
        <entry filename="C:\\Users\\hideta\\AppData\\Roaming\\Garmin\\ConnectIQ\\Sdks\\connectiq-sdk-win-7.3.1-2024-09-23-df7b5816a\\samples\\Analog\\source\\AnalogView.mc" id="35" lineNum="168" parent="globals/AnalogView" pc="268440109" symbol="onUpdate"/>
        <entry filename="C:\\Users\\hideta\\AppData\\Roaming\\Garmin\\ConnectIQ\\Sdks\\connectiq-sdk-win-7.3.1-2024-09-23-df7b5816a\\samples\\Analog\\source\\AnalogView.mc" id="35" lineNum="169" parent="globals/AnalogView" pc="268440113" symbol="onUpdate"/>
        <entry filename="C:\\Users\\hideta\\AppData\\Roaming\\Garmin\\ConnectIQ\\Sdks\\connectiq-sdk-win-7.3.1-2024-09-23-df7b5816a\\samples\\Analog\\source\\AnalogView.mc" id="35" lineNum="170" parent="globals/AnalogView" pc="268440130" symbol="onUpdate"/>
        <entry filename="C:\\Users\\hideta\\AppData\\Roaming\\Garmin\\ConnectIQ\\Sdks\\connectiq-sdk-win-7.3.1-2024-09-23-df7b5816a\\samples\\Analog\\source\\AnalogView.mc" id="35" lineNum="173" parent="globals/AnalogView" pc="268440133" symbol="onUpdate"/>
        <entry filename="C:\\Users\\hideta\\AppData\\Roaming\\Garmin\\ConnectIQ\\Sdks\\connectiq-sdk-win-7.3.1-2024-09-23-df7b5816a\\samples\\Analog\\source\\AnalogView.mc" id="35" lineNum="174" parent="globals/AnalogView" pc="268440143" symbol="onUpdate"/>
        <entry filename="C:\\Users\\hideta\\AppData\\Roaming\\Garmin\\ConnectIQ\\Sdks\\connectiq-sdk-win-7.3.1-2024-09-23-df7b5816a\\samples\\Analog\\source\\AnalogView.mc" id="35" lineNum="177" parent="globals/AnalogView" pc="268440156" symbol="onUpdate"/>
        <entry filename="C:\\Users\\hideta\\AppData\\Roaming\\Garmin\\ConnectIQ\\Sdks\\connectiq-sdk-win-7.3.1-2024-09-23-df7b5816a\\samples\\Analog\\source\\AnalogView.mc" id="35" lineNum="178" parent="globals/AnalogView" pc="268440175" symbol="onUpdate"/>
        <entry filename="C:\\Users\\hideta\\AppData\\Roaming\\Garmin\\ConnectIQ\\Sdks\\connectiq-sdk-win-7.3.1-2024-09-23-df7b5816a\\samples\\Analog\\source\\AnalogView.mc" id="35" lineNum="180" parent="globals/AnalogView" pc="268440190" symbol="onUpdate"/>
        <entry filename="C:\\Users\\hideta\\AppData\\Roaming\\Garmin\\ConnectIQ\\Sdks\\connectiq-sdk-win-7.3.1-2024-09-23-df7b5816a\\samples\\Analog\\source\\AnalogView.mc" id="35" lineNum="183" parent="globals/AnalogView" pc="268440194" symbol="onUpdate"/>
        <entry filename="C:\\Users\\hideta\\AppData\\Roaming\\Garmin\\ConnectIQ\\Sdks\\connectiq-sdk-win-7.3.1-2024-09-23-df7b5816a\\samples\\Analog\\source\\AnalogView.mc" id="35" lineNum="184" parent="globals/AnalogView" pc="268440207" symbol="onUpdate"/>
        <entry filename="C:\\Users\\hideta\\AppData\\Roaming\\Garmin\\ConnectIQ\\Sdks\\connectiq-sdk-win-7.3.1-2024-09-23-df7b5816a\\samples\\Analog\\source\\AnalogView.mc" id="35" lineNum="187" parent="globals/AnalogView" pc="268440220" symbol="onUpdate"/>
        <entry filename="C:\\Users\\hideta\\AppData\\Roaming\\Garmin\\ConnectIQ\\Sdks\\connectiq-sdk-win-7.3.1-2024-09-23-df7b5816a\\samples\\Analog\\source\\AnalogView.mc" id="35" lineNum="188" parent="globals/AnalogView" pc="268440242" symbol="onUpdate"/>
        <entry filename="C:\\Users\\hideta\\AppData\\Roaming\\Garmin\\ConnectIQ\\Sdks\\connectiq-sdk-win-7.3.1-2024-09-23-df7b5816a\\samples\\Analog\\source\\AnalogView.mc" id="35" lineNum="191" parent="globals/AnalogView" pc="268440286" symbol="onUpdate"/>
        <entry filename="C:\\Users\\hideta\\AppData\\Roaming\\Garmin\\ConnectIQ\\Sdks\\connectiq-sdk-win-7.3.1-2024-09-23-df7b5816a\\samples\\Analog\\source\\AnalogView.mc" id="35" lineNum="192" parent="globals/AnalogView" pc="268440308" symbol="onUpdate"/>
        <entry filename="C:\\Users\\hideta\\AppData\\Roaming\\Garmin\\ConnectIQ\\Sdks\\connectiq-sdk-win-7.3.1-2024-09-23-df7b5816a\\samples\\Analog\\source\\AnalogView.mc" id="35" lineNum="198" parent="globals/AnalogView" pc="268440504" symbol="onUpdate"/>
        <entry filename="C:\\Users\\hideta\\AppData\\Roaming\\Garmin\\ConnectIQ\\Sdks\\connectiq-sdk-win-7.3.1-2024-09-23-df7b5816a\\samples\\Analog\\source\\AnalogView.mc" id="35" lineNum="201" parent="globals/AnalogView" pc="268440518" symbol="onUpdate"/>
        <entry filename="C:\\Users\\hideta\\AppData\\Roaming\\Garmin\\ConnectIQ\\Sdks\\connectiq-sdk-win-7.3.1-2024-09-23-df7b5816a\\samples\\Analog\\source\\AnalogView.mc" id="35" lineNum="202" parent="globals/AnalogView" pc="268440555" symbol="onUpdate"/>
        <entry filename="C:\\Users\\hideta\\AppData\\Roaming\\Garmin\\ConnectIQ\\Sdks\\connectiq-sdk-win-7.3.1-2024-09-23-df7b5816a\\samples\\Analog\\source\\AnalogView.mc" id="35" lineNum="206" parent="globals/AnalogView" pc="268440600" symbol="onUpdate"/>
        <entry filename="C:\\Users\\hideta\\AppData\\Roaming\\Garmin\\ConnectIQ\\Sdks\\connectiq-sdk-win-7.3.1-2024-09-23-df7b5816a\\samples\\Analog\\source\\AnalogView.mc" id="35" lineNum="208" parent="globals/AnalogView" pc="268440622" symbol="onUpdate"/>
        <entry filename="C:\\Users\\hideta\\AppData\\Roaming\\Garmin\\ConnectIQ\\Sdks\\connectiq-sdk-win-7.3.1-2024-09-23-df7b5816a\\samples\\Analog\\source\\AnalogView.mc" id="35" lineNum="210" parent="globals/AnalogView" pc="268440635" symbol="onUpdate"/>
        <entry filename="C:\\Users\\hideta\\AppData\\Roaming\\Garmin\\ConnectIQ\\Sdks\\connectiq-sdk-win-7.3.1-2024-09-23-df7b5816a\\samples\\Analog\\source\\AnalogView.mc" id="35" lineNum="211" parent="globals/AnalogView" pc="268440666" symbol="onUpdate"/>
        <entry filename="C:\\Users\\hideta\\AppData\\Roaming\\Garmin\\ConnectIQ\\Sdks\\connectiq-sdk-win-7.3.1-2024-09-23-df7b5816a\\samples\\Analog\\source\\AnalogView.mc" id="35" lineNum="212" parent="globals/AnalogView" pc="268440676" symbol="onUpdate"/>
        <entry filename="C:\\Users\\hideta\\AppData\\Roaming\\Garmin\\ConnectIQ\\Sdks\\connectiq-sdk-win-7.3.1-2024-09-23-df7b5816a\\samples\\Analog\\source\\AnalogView.mc" id="35" lineNum="213" parent="globals/AnalogView" pc="268440692" symbol="onUpdate"/>
        <entry filename="C:\\Users\\hideta\\AppData\\Roaming\\Garmin\\ConnectIQ\\Sdks\\connectiq-sdk-win-7.3.1-2024-09-23-df7b5816a\\samples\\Analog\\source\\AnalogView.mc" id="35" lineNum="216" parent="globals/AnalogView" pc="268440767" symbol="onUpdate"/>
        <entry filename="C:\\Users\\hideta\\AppData\\Roaming\\Garmin\\ConnectIQ\\Sdks\\connectiq-sdk-win-7.3.1-2024-09-23-df7b5816a\\samples\\Analog\\source\\AnalogView.mc" id="35" lineNum="218" parent="globals/AnalogView" pc="268440780" symbol="onUpdate"/>
        <entry filename="C:\\Users\\hideta\\AppData\\Roaming\\Garmin\\ConnectIQ\\Sdks\\connectiq-sdk-win-7.3.1-2024-09-23-df7b5816a\\samples\\Analog\\source\\AnalogView.mc" id="35" lineNum="219" parent="globals/AnalogView" pc="268440808" symbol="onUpdate"/>
        <entry filename="C:\\Users\\hideta\\AppData\\Roaming\\Garmin\\ConnectIQ\\Sdks\\connectiq-sdk-win-7.3.1-2024-09-23-df7b5816a\\samples\\Analog\\source\\AnalogView.mc" id="35" lineNum="223" parent="globals/AnalogView" pc="268440883" symbol="onUpdate"/>
        <entry filename="C:\\Users\\hideta\\AppData\\Roaming\\Garmin\\ConnectIQ\\Sdks\\connectiq-sdk-win-7.3.1-2024-09-23-df7b5816a\\samples\\Analog\\source\\AnalogView.mc" id="35" lineNum="224" parent="globals/AnalogView" pc="268440905" symbol="onUpdate"/>
        <entry filename="C:\\Users\\hideta\\AppData\\Roaming\\Garmin\\ConnectIQ\\Sdks\\connectiq-sdk-win-7.3.1-2024-09-23-df7b5816a\\samples\\Analog\\source\\AnalogView.mc" id="35" lineNum="225" parent="globals/AnalogView" pc="268440938" symbol="onUpdate"/>
        <entry filename="C:\\Users\\hideta\\AppData\\Roaming\\Garmin\\ConnectIQ\\Sdks\\connectiq-sdk-win-7.3.1-2024-09-23-df7b5816a\\samples\\Analog\\source\\AnalogView.mc" id="35" lineNum="226" parent="globals/AnalogView" pc="268440960" symbol="onUpdate"/>
        <entry filename="C:\\Users\\hideta\\AppData\\Roaming\\Garmin\\ConnectIQ\\Sdks\\connectiq-sdk-win-7.3.1-2024-09-23-df7b5816a\\samples\\Analog\\source\\AnalogView.mc" id="35" lineNum="229" parent="globals/AnalogView" pc="268440993" symbol="onUpdate"/>
        <entry filename="C:\\Users\\hideta\\AppData\\Roaming\\Garmin\\ConnectIQ\\Sdks\\connectiq-sdk-win-7.3.1-2024-09-23-df7b5816a\\samples\\Analog\\source\\AnalogView.mc" id="35" lineNum="230" parent="globals/AnalogView" pc="268441003" symbol="onUpdate"/>
        <entry filename="C:\\Users\\hideta\\AppData\\Roaming\\Garmin\\ConnectIQ\\Sdks\\connectiq-sdk-win-7.3.1-2024-09-23-df7b5816a\\samples\\Analog\\source\\AnalogView.mc" id="35" lineNum="231" parent="globals/AnalogView" pc="268441010" symbol="onUpdate"/>
        <entry filename="C:\\Users\\hideta\\AppData\\Roaming\\Garmin\\ConnectIQ\\Sdks\\connectiq-sdk-win-7.3.1-2024-09-23-df7b5816a\\samples\\Analog\\source\\AnalogView.mc" id="35" lineNum="232" parent="globals/AnalogView" pc="268441032" symbol="onUpdate"/>
        <entry filename="C:\\Users\\hideta\\AppData\\Roaming\\Garmin\\ConnectIQ\\Sdks\\connectiq-sdk-win-7.3.1-2024-09-23-df7b5816a\\samples\\Analog\\source\\AnalogView.mc" id="35" lineNum="233" parent="globals/AnalogView" pc="268441069" symbol="onUpdate"/>
        <entry filename="C:\\Users\\hideta\\AppData\\Roaming\\Garmin\\ConnectIQ\\Sdks\\connectiq-sdk-win-7.3.1-2024-09-23-df7b5816a\\samples\\Analog\\source\\AnalogView.mc" id="35" lineNum="234" parent="globals/AnalogView" pc="268441115" symbol="onUpdate"/>
        <entry filename="C:\\Users\\hideta\\AppData\\Roaming\\Garmin\\ConnectIQ\\Sdks\\connectiq-sdk-win-7.3.1-2024-09-23-df7b5816a\\samples\\Analog\\source\\AnalogView.mc" id="35" lineNum="235" parent="globals/AnalogView" pc="268441137" symbol="onUpdate"/>
        <entry filename="C:\\Users\\hideta\\AppData\\Roaming\\Garmin\\ConnectIQ\\Sdks\\connectiq-sdk-win-7.3.1-2024-09-23-df7b5816a\\samples\\Analog\\source\\AnalogView.mc" id="35" lineNum="236" parent="globals/AnalogView" pc="268441177" symbol="onUpdate"/>
        <entry filename="C:\\Users\\hideta\\AppData\\Roaming\\Garmin\\ConnectIQ\\Sdks\\connectiq-sdk-win-7.3.1-2024-09-23-df7b5816a\\samples\\Analog\\source\\AnalogView.mc" id="35" lineNum="242" parent="globals/AnalogView" pc="268441223" symbol="onUpdate"/>
        <entry filename="C:\\Users\\hideta\\AppData\\Roaming\\Garmin\\ConnectIQ\\Sdks\\connectiq-sdk-win-7.3.1-2024-09-23-df7b5816a\\samples\\Analog\\source\\AnalogView.mc" id="35" lineNum="243" parent="globals/AnalogView" pc="268441233" symbol="onUpdate"/>
        <entry filename="C:\\Users\\hideta\\AppData\\Roaming\\Garmin\\ConnectIQ\\Sdks\\connectiq-sdk-win-7.3.1-2024-09-23-df7b5816a\\samples\\Analog\\source\\AnalogView.mc" id="35" lineNum="244" parent="globals/AnalogView" pc="268441253" symbol="onUpdate"/>
        <entry filename="C:\\Users\\hideta\\AppData\\Roaming\\Garmin\\ConnectIQ\\Sdks\\connectiq-sdk-win-7.3.1-2024-09-23-df7b5816a\\samples\\Analog\\source\\AnalogView.mc" id="35" lineNum="247" parent="globals/AnalogView" pc="268441272" symbol="onUpdate"/>
        <entry filename="C:\\Users\\hideta\\AppData\\Roaming\\Garmin\\ConnectIQ\\Sdks\\connectiq-sdk-win-7.3.1-2024-09-23-df7b5816a\\samples\\Analog\\source\\AnalogView.mc" id="35" lineNum="250" parent="globals/AnalogView" pc="268441305" symbol="onUpdate"/>
        <entry filename="C:\\Users\\hideta\\AppData\\Roaming\\Garmin\\ConnectIQ\\Sdks\\connectiq-sdk-win-7.3.1-2024-09-23-df7b5816a\\samples\\Analog\\source\\AnalogView.mc" id="35" lineNum="254" parent="globals/AnalogView" pc="268441335" symbol="onUpdate"/>
        <entry filename="C:\\Users\\hideta\\AppData\\Roaming\\Garmin\\ConnectIQ\\Sdks\\connectiq-sdk-win-7.3.1-2024-09-23-df7b5816a\\samples\\Analog\\source\\AnalogView.mc" id="35" lineNum="257" parent="globals/AnalogView" pc="268441349" symbol="onUpdate"/>
        <entry filename="C:\\Users\\hideta\\AppData\\Roaming\\Garmin\\ConnectIQ\\Sdks\\connectiq-sdk-win-7.3.1-2024-09-23-df7b5816a\\samples\\Analog\\source\\AnalogView.mc" id="35" lineNum="258" parent="globals/AnalogView" pc="268441402" symbol="onUpdate"/>
        <entry filename="C:\\Users\\hideta\\AppData\\Roaming\\Garmin\\ConnectIQ\\Sdks\\connectiq-sdk-win-7.3.1-2024-09-23-df7b5816a\\samples\\Analog\\source\\AnalogView.mc" id="35" lineNum="259" parent="globals/AnalogView" pc="268441424" symbol="onUpdate"/>
        <entry filename="C:\\Users\\hideta\\AppData\\Roaming\\Garmin\\ConnectIQ\\Sdks\\connectiq-sdk-win-7.3.1-2024-09-23-df7b5816a\\samples\\Analog\\source\\AnalogView.mc" id="35" lineNum="261" parent="globals/AnalogView" pc="268441470" symbol="onUpdate"/>
        <entry filename="C:\\Users\\hideta\\AppData\\Roaming\\Garmin\\ConnectIQ\\Sdks\\connectiq-sdk-win-7.3.1-2024-09-23-df7b5816a\\samples\\Analog\\source\\AnalogView.mc" id="35" lineNum="264" parent="globals/AnalogView" pc="268441481" symbol="onUpdate"/>
        <entry filename="C:\\Users\\hideta\\AppData\\Roaming\\Garmin\\ConnectIQ\\Sdks\\connectiq-sdk-win-7.3.1-2024-09-23-df7b5816a\\samples\\Analog\\source\\AnalogView.mc" id="35" lineNum="265" parent="globals/AnalogView" pc="268441498" symbol="onUpdate"/>
        <entry filename="C:\\Users\\hideta\\AppData\\Roaming\\Garmin\\ConnectIQ\\Sdks\\connectiq-sdk-win-7.3.1-2024-09-23-df7b5816a\\samples\\Analog\\source\\AnalogView.mc" id="35" lineNum="268" parent="globals/AnalogView" pc="268441509" symbol="onUpdate"/>
        <entry filename="C:\\Users\\hideta\\AppData\\Roaming\\Garmin\\ConnectIQ\\Sdks\\connectiq-sdk-win-7.3.1-2024-09-23-df7b5816a\\samples\\Analog\\source\\AnalogView.mc" id="35" lineNum="269" parent="globals/AnalogView" pc="268441531" symbol="onUpdate"/>
        <entry filename="C:\\Users\\hideta\\AppData\\Roaming\\Garmin\\ConnectIQ\\Sdks\\connectiq-sdk-win-7.3.1-2024-09-23-df7b5816a\\samples\\Analog\\source\\AnalogView.mc" id="35" lineNum="271" parent="globals/AnalogView" pc="268441559" symbol="onUpdate"/>
        <entry filename="C:\\Users\\hideta\\AppData\\Roaming\\Garmin\\ConnectIQ\\Sdks\\connectiq-sdk-win-7.3.1-2024-09-23-df7b5816a\\samples\\Analog\\source\\AnalogView.mc" id="35" lineNum="272" parent="globals/AnalogView" pc="268441572" symbol="onUpdate"/>
        <entry filename="C:\\Users\\hideta\\AppData\\Roaming\\Garmin\\ConnectIQ\\Sdks\\connectiq-sdk-win-7.3.1-2024-09-23-df7b5816a\\samples\\Analog\\source\\AnalogView.mc" id="35" lineNum="276" parent="globals/AnalogView" pc="268441650" symbol="onUpdate"/>
        <entry filename="C:\\Users\\hideta\\AppData\\Roaming\\Garmin\\ConnectIQ\\Sdks\\connectiq-sdk-win-7.3.1-2024-09-23-df7b5816a\\samples\\Analog\\source\\AnalogView.mc" id="36" lineNum="397" parent="globals/AnalogDelegate" pc="268441661" symbol="initialize"/>
        <entry filename="C:\\Users\\hideta\\AppData\\Roaming\\Garmin\\ConnectIQ\\Sdks\\connectiq-sdk-win-7.3.1-2024-09-23-df7b5816a\\samples\\Analog\\source\\AnalogView.mc" id="36" lineNum="398" parent="globals/AnalogDelegate" pc="268441663" symbol="initialize"/>
        <entry filename="C:\\Users\\hideta\\AppData\\Roaming\\Garmin\\ConnectIQ\\Sdks\\connectiq-sdk-win-7.3.1-2024-09-23-df7b5816a\\samples\\Analog\\source\\AnalogView.mc" id="36" lineNum="399" parent="globals/AnalogDelegate" pc="268441681" symbol="initialize"/>
        <entry filename="C:\\Users\\hideta\\AppData\\Roaming\\Garmin\\ConnectIQ\\Sdks\\connectiq-sdk-win-7.3.1-2024-09-23-df7b5816a\\samples\\Analog\\source\\AnalogView.mc" id="37" lineNum="408" parent="globals/AnalogDelegate" pc="268441692" symbol="onPowerBudgetExceeded"/>
        <entry filename="C:\\Users\\hideta\\AppData\\Roaming\\Garmin\\ConnectIQ\\Sdks\\connectiq-sdk-win-7.3.1-2024-09-23-df7b5816a\\samples\\Analog\\source\\AnalogView.mc" id="37" lineNum="409" parent="globals/AnalogDelegate" pc="268441694" symbol="onPowerBudgetExceeded"/>
        <entry filename="C:\\Users\\hideta\\AppData\\Roaming\\Garmin\\ConnectIQ\\Sdks\\connectiq-sdk-win-7.3.1-2024-09-23-df7b5816a\\samples\\Analog\\source\\AnalogView.mc" id="37" lineNum="410" parent="globals/AnalogDelegate" pc="268441724" symbol="onPowerBudgetExceeded"/>
        <entry filename="C:\\Users\\hideta\\AppData\\Roaming\\Garmin\\ConnectIQ\\Sdks\\connectiq-sdk-win-7.3.1-2024-09-23-df7b5816a\\samples\\Analog\\source\\AnalogView.mc" id="37" lineNum="411" parent="globals/AnalogDelegate" pc="268441754" symbol="onPowerBudgetExceeded"/>
        <entry filename="C:\\Users\\hideta\\AppData\\Roaming\\Garmin\\ConnectIQ\\Sdks\\connectiq-sdk-win-7.3.1-2024-09-23-df7b5816a\\samples\\Analog\\source\\AnalogSettingsView.mc" id="38" lineNum="16" parent="globals/AnalogSettingsView" pc="268441773" symbol="initialize"/>
        <entry filename="C:\\Users\\hideta\\AppData\\Roaming\\Garmin\\ConnectIQ\\Sdks\\connectiq-sdk-win-7.3.1-2024-09-23-df7b5816a\\samples\\Analog\\source\\AnalogSettingsView.mc" id="38" lineNum="17" parent="globals/AnalogSettingsView" pc="268441775" symbol="initialize"/>
        <entry filename="C:\\Users\\hideta\\AppData\\Roaming\\Garmin\\ConnectIQ\\Sdks\\connectiq-sdk-win-7.3.1-2024-09-23-df7b5816a\\samples\\Analog\\source\\AnalogSettingsView.mc" id="39" lineNum="22" parent="globals/AnalogSettingsView" pc="268441794" symbol="onUpdate"/>
        <entry filename="C:\\Users\\hideta\\AppData\\Roaming\\Garmin\\ConnectIQ\\Sdks\\connectiq-sdk-win-7.3.1-2024-09-23-df7b5816a\\samples\\Analog\\source\\AnalogSettingsView.mc" id="39" lineNum="23" parent="globals/AnalogSettingsView" pc="268441796" symbol="onUpdate"/>
        <entry filename="C:\\Users\\hideta\\AppData\\Roaming\\Garmin\\ConnectIQ\\Sdks\\connectiq-sdk-win-7.3.1-2024-09-23-df7b5816a\\samples\\Analog\\source\\AnalogSettingsView.mc" id="39" lineNum="24" parent="globals/AnalogSettingsView" pc="268441808" symbol="onUpdate"/>
        <entry filename="C:\\Users\\hideta\\AppData\\Roaming\\Garmin\\ConnectIQ\\Sdks\\connectiq-sdk-win-7.3.1-2024-09-23-df7b5816a\\samples\\Analog\\source\\AnalogSettingsView.mc" id="39" lineNum="25" parent="globals/AnalogSettingsView" pc="268441830" symbol="onUpdate"/>
        <entry filename="C:\\Users\\hideta\\AppData\\Roaming\\Garmin\\ConnectIQ\\Sdks\\connectiq-sdk-win-7.3.1-2024-09-23-df7b5816a\\samples\\Analog\\source\\AnalogSettingsView.mc" id="39" lineNum="26" parent="globals/AnalogSettingsView" pc="268441842" symbol="onUpdate"/>
        <entry filename="C:\\Users\\hideta\\AppData\\Roaming\\Garmin\\ConnectIQ\\Sdks\\connectiq-sdk-win-7.3.1-2024-09-23-df7b5816a\\samples\\Analog\\source\\AnalogSettingsView.mc" id="39" lineNum="28" parent="globals/AnalogSettingsView" pc="268441864" symbol="onUpdate"/>
    </pcToLineNum>
    <symbolTable>
        <entry id="8388639" module="true" symbol="Graphics"/>
        <entry id="8390101" object="true" symbol="BufferedBitmap"/>
        <entry id="9" object="true" symbol="AnalogSettingsMenu"/>
        <entry id="6" object="true" symbol="AnalogDelegate"/>
        <entry id="8388632" method="true" symbol="&lt;init&gt;"/>
        <entry field="true" id="20" symbol="&lt;globals/AnalogView/&lt;&gt;_offscreenBuffer&gt;"/>
        <entry id="28" method="true" symbol="&lt;globals/AnalogView/&lt;&gt;getBoundingBox&gt;"/>
        <entry id="8390098" method="true" symbol="onPowerBudgetExceeded"/>
        <entry field="true" id="31" symbol="DoNotDisturbIcon"/>
        <entry field="true" id="23" symbol="&lt;globals/AnalogView/&lt;&gt;_screenShape&gt;"/>
        <entry id="8390424" module="true" symbol="Storage"/>
        <entry field="true" id="8389795" symbol="doNotDisturb"/>
        <entry id="8388924" module="true" symbol="Gregorian"/>
        <entry field="true" id="8388611" module="true" symbol="Toybox"/>
        <entry field="true" id="34" symbol="AppName"/>
        <entry id="24" method="true" symbol="&lt;globals/AnalogView/&lt;&gt;drawBackground&gt;"/>
        <entry id="5" module="true" symbol="globals/Rez/Strings"/>
        <entry id="8389080" method="true" symbol="onMenu"/>
        <entry id="8388772" module="true" object="true" symbol="Fonts"/>
        <entry field="true" id="18" symbol="&lt;globals/AnalogView/&lt;&gt;_fullScreenRefresh&gt;"/>
        <entry id="8388648" module="true" symbol="WatchUi"/>
        <entry id="8390097" method="true" symbol="onPartialUpdate"/>
        <entry id="2" module="true" symbol="globals/Rez"/>
        <entry id="8389124" method="true" symbol="onUpdate"/>
        <entry id="26" method="true" symbol="&lt;globals/AnalogView/&lt;&gt;drawHashMarks&gt;"/>
        <entry id="8388771" module="true" object="true" symbol="Drawables"/>
        <entry field="true" id="8389067" symbol="height"/>
        <entry field="true" id="8389066" symbol="width"/>
        <entry id="8389122" method="true" symbol="onLayout"/>
        <entry field="true" id="16" symbol="&lt;globals/AnalogView/&lt;&gt;_dndIcon&gt;"/>
        <entry id="8389376" method="true" symbol="onEnterSleep"/>
        <entry field="true" id="30" symbol="&lt;globals/AnalogDelegate/&lt;&gt;_view&gt;"/>
        <entry id="3" module="true" symbol="globals/Rez/Drawables"/>
        <entry id="8390095" object="true" symbol="WatchFaceDelegate"/>
        <entry field="true" id="17" symbol="&lt;globals/AnalogView/&lt;&gt;_font&gt;"/>
        <entry id="7" object="true" symbol="AnalogGoalView"/>
        <entry id="27" method="true" symbol="&lt;globals/AnalogView/&lt;&gt;generateHandCoordinates&gt;"/>
        <entry id="8389377" method="true" symbol="onExitSleep"/>
        <entry id="8388644" module="true" symbol="System"/>
        <entry id="8389916" method="true" symbol="getGoalView"/>
        <entry id="8389619" method="true" symbol="onSelect"/>
        <entry id="8388645" module="true" symbol="Time"/>
        <entry id="8388769" module="true" object="true" symbol="Rez"/>
        <entry field="true" id="33" symbol="id_font_black_diamond"/>
        <entry id="8388640" module="true" symbol="Lang"/>
        <entry id="8" object="true" symbol="AnalogSettingsDelegate"/>
        <entry field="true" id="32" symbol="LauncherIcon"/>
        <entry id="8388610" symbol="statics"/>
        <entry id="10" object="true" symbol="AnalogSettingsMenuDelegate"/>
        <entry id="8389350" module="true" symbol="globals"/>
        <entry id="29" method="true" symbol="turnPartialUpdatesOff"/>
        <entry id="8388770" module="true" object="true" symbol="Strings"/>
        <entry field="true" id="14" symbol="&lt;globals/AnalogGoalView/&lt;&gt;_goalString&gt;"/>
        <entry id="8388702" method="true" symbol="initialize"/>
        <entry field="true" id="19" symbol="&lt;globals/AnalogView/&lt;&gt;_isAwake&gt;"/>
        <entry id="8389279" method="true" symbol="onStart"/>
        <entry id="8388641" module="true" symbol="Math"/>
        <entry id="8391703" method="true" symbol="getSettingsView"/>
        <entry field="true" id="22" symbol="&lt;globals/AnalogView/&lt;&gt;_screenCenterPoint&gt;"/>
        <entry id="11" object="true" symbol="AnalogSettingsView"/>
        <entry id="8389280" method="true" symbol="getInitialView"/>
        <entry id="8389281" method="true" symbol="onStop"/>
        <entry field="true" id="15" symbol="&lt;globals/AnalogView/&lt;&gt;_dateBuffer&gt;"/>
        <entry field="true" id="21" symbol="&lt;globals/AnalogView/&lt;&gt;_partialUpdatesAllowed&gt;"/>
        <entry id="25" method="true" symbol="&lt;globals/AnalogView/&lt;&gt;drawDateString&gt;"/>
        <entry id="4" module="true" symbol="globals/Rez/Fonts"/>
        <entry id="12" object="true" symbol="AnalogView"/>
        <entry id="8388635" module="true" symbol="Application"/>
        <entry field="true" id="8389642" symbol="title"/>
        <entry id="13" object="true" symbol="AnalogWatch"/>
        <entry id="8389660" symbol="palette"/>
    </symbolTable>
    <localVars>
        <entry endPc="268435859" name="view" stackId="1" startPc="268435775"/>
        <entry endPc="268435859" name="delegate" stackId="2" startPc="268435775"/>
        <entry arg="true" endPc="268435949" name="goal" stackId="1" startPc="268435905"/>
        <entry arg="true" endPc="268436056" name="menuItem" stackId="1" startPc="268435995"/>
        <entry arg="true" endPc="268436071" name="dc" stackId="1" startPc="268436057"/>
        <entry arg="true" endPc="268436213" name="goal" stackId="1" startPc="268436072"/>
        <entry arg="true" endPc="268436708" name="dc" stackId="1" startPc="268436214"/>
        <entry endPc="268436707" name="width" stackId="2" startPc="268436218"/>
        <entry endPc="268436707" name="height" stackId="3" startPc="268436218"/>
        <entry endPc="268436707" name="now" stackId="4" startPc="268436218"/>
        <entry endPc="268436707" name="info" stackId="5" startPc="268436218"/>
        <entry endPc="268436707" name="dateStr" stackId="6" startPc="268436218"/>
        <entry endPc="268437128" name="menu" stackId="1" startPc="268436713"/>
        <entry endPc="268437128" name="boolean" stackId="2" startPc="268436713"/>
        <entry arg="true" endPc="268437317" name="dc" stackId="1" startPc="268437150"/>
        <entry arg="true" endPc="268437317" name="x" stackId="2" startPc="268437150"/>
        <entry arg="true" endPc="268437317" name="y" stackId="3" startPc="268437150"/>
        <entry endPc="268437316" name="info" stackId="4" startPc="268437154"/>
        <entry endPc="268437316" name="dateStr" stackId="5" startPc="268437154"/>
        <entry arg="true" endPc="268438246" name="dc" stackId="1" startPc="268437344"/>
        <entry endPc="268438245" name="width" stackId="2" startPc="268437348"/>
        <entry endPc="268438245" name="height" stackId="3" startPc="268437348"/>
        <entry endPc="268437691" name="outerRad" stackId="4" startPc="268437391"/>
        <entry endPc="268437691" name="innerRad" stackId="5" startPc="268437391"/>
        <entry endPc="268437691" name="i" stackId="6" startPc="268437429"/>
        <entry endPc="268437678" name="sY" stackId="7" startPc="268437429"/>
        <entry endPc="268437678" name="eY" stackId="8" startPc="268437429"/>
        <entry endPc="268437678" name="sX" stackId="9" startPc="268437429"/>
        <entry endPc="268437678" name="eX" stackId="10" startPc="268437429"/>
        <entry endPc="268438245" name="coords" stackId="11" startPc="268437695"/>
        <entry endPc="268438245" name="i" stackId="12" startPc="268437788"/>
        <entry endPc="268438232" name="dx" stackId="13" startPc="268437788"/>
        <entry endPc="268438232" name="upperX" stackId="14" startPc="268437788"/>
        <entry arg="true" endPc="268438796" name="dc" stackId="1" startPc="268438247"/>
        <entry endPc="268438795" name="offscreenBufferOptions" stackId="2" startPc="268438251"/>
        <entry endPc="268438795" name="dateBufferOptions" stackId="3" startPc="268438251"/>
        <entry arg="true" endPc="268439112" name="points" stackId="1" startPc="268438797"/>
        <entry endPc="268439112" name="min" stackId="2" startPc="268438801"/>
        <entry endPc="268439112" name="max" stackId="3" startPc="268438801"/>
        <entry endPc="268439085" name="i" stackId="4" startPc="268438893"/>
        <entry arg="true" endPc="268439438" name="dc" stackId="1" startPc="268439113"/>
        <entry endPc="268439437" name="clockTime" stackId="2" startPc="268439117"/>
        <entry endPc="268439434" name="secondHand" stackId="3" startPc="268439176"/>
        <entry endPc="268439434" name="secondHandPoints" stackId="4" startPc="268439176"/>
        <entry endPc="268439434" name="curClip" stackId="5" startPc="268439176"/>
        <entry endPc="268439434" name="bBoxWidth" stackId="6" startPc="268439176"/>
        <entry endPc="268439434" name="bBoxHeight" stackId="7" startPc="268439176"/>
        <entry arg="true" endPc="268439837" name="centerPoint" stackId="1" startPc="268439439"/>
        <entry arg="true" endPc="268439837" name="angle" stackId="2" startPc="268439439"/>
        <entry arg="true" endPc="268439837" name="handLength" stackId="3" startPc="268439439"/>
        <entry arg="true" endPc="268439837" name="tailLength" stackId="4" startPc="268439439"/>
        <entry arg="true" endPc="268439837" name="width" stackId="5" startPc="268439439"/>
        <entry endPc="268439837" name="coords" stackId="6" startPc="268439443"/>
        <entry endPc="268439837" name="result" stackId="7" startPc="268439443"/>
        <entry endPc="268439837" name="cos" stackId="8" startPc="268439443"/>
        <entry endPc="268439837" name="sin" stackId="9" startPc="268439443"/>
        <entry endPc="268439834" name="i" stackId="10" startPc="268439699"/>
        <entry endPc="268439821" name="x" stackId="11" startPc="268439699"/>
        <entry endPc="268439821" name="y" stackId="12" startPc="268439699"/>
        <entry arg="true" endPc="268439993" name="dc" stackId="1" startPc="268439838"/>
        <entry endPc="268439992" name="width" stackId="2" startPc="268439842"/>
        <entry endPc="268439992" name="height" stackId="3" startPc="268439842"/>
        <entry arg="true" endPc="268441660" name="dc" stackId="1" startPc="268440109"/>
        <entry endPc="268441659" name="clockTime" stackId="2" startPc="268440113"/>
        <entry endPc="268441659" name="targetDc" stackId="3" startPc="268440113"/>
        <entry endPc="268441659" name="width" stackId="4" startPc="268440113"/>
        <entry endPc="268441659" name="height" stackId="5" startPc="268440113"/>
        <entry endPc="268440763" name="hourHandAngle" stackId="6" startPc="268440635"/>
        <entry endPc="268440879" name="minuteHandAngle" stackId="7" startPc="268440780"/>
        <entry endPc="268441659" name="font" stackId="8" startPc="268440113"/>
        <entry endPc="268441659" name="offscreenBuffer" stackId="9" startPc="268440113"/>
        <entry endPc="268441331" name="dateDc" stackId="10" startPc="268441253"/>
        <entry endPc="268441659" name="dataString" stackId="11" startPc="268440113"/>
        <entry endPc="268441646" name="secondHand" stackId="12" startPc="268441509"/>
        <entry arg="true" endPc="268441691" name="view" stackId="1" startPc="268441661"/>
        <entry arg="true" endPc="268441772" name="powerInfo" stackId="1" startPc="268441692"/>
        <entry arg="true" endPc="268441931" name="dc" stackId="1" startPc="268441794"/>
    </localVars>
    <deviceInfo partNumber="006-B3869-00"/>
    <annotations>
        <annotationEntry annotation="initialized" class="Drawables" module="globals/Rez" symbol="DoNotDisturbIcon"/>
        <annotationEntry annotation="initialized" class="Drawables" module="globals/Rez" symbol="LauncherIcon"/>
        <annotationEntry annotation="initialized" class="Fonts" module="globals/Rez" symbol="id_font_black_diamond"/>
        <annotationEntry annotation="initialized" class="Strings" module="globals/Rez" symbol="AppName"/>
    </annotations>
    <dataEntryOffsetMappings>
        <dataEntry label="globals" offset="63" parentId="" symbolId="globals" type="module"/>
        <dataEntry label="globals/AnalogSettingsMenu" offset="174" parentId="globals" symbolId="AnalogSettingsMenu" type="class"/>
        <dataEntry label="globals/AnalogWatch" offset="221" parentId="globals" symbolId="AnalogWatch" type="class"/>
        <dataEntry label="globals/Rez" offset="308" parentId="globals" symbolId="Rez" type="module"/>
        <dataEntry label="globals/AnalogSettingsMenuDelegate" offset="363" parentId="globals" symbolId="AnalogSettingsMenuDelegate" type="class"/>
        <dataEntry label="globals/AnalogGoalView" offset="418" parentId="globals" symbolId="AnalogGoalView" type="class"/>
        <dataEntry label="globals/AnalogSettingsDelegate" offset="489" parentId="globals" symbolId="AnalogSettingsDelegate" type="class"/>
        <dataEntry label="globals/AnalogView" offset="544" parentId="globals" symbolId="AnalogView" type="class"/>
        <dataEntry label="globals/AnalogDelegate" offset="751" parentId="globals" symbolId="AnalogDelegate" type="class"/>
        <dataEntry label="globals/AnalogSettingsView" offset="814" parentId="globals" symbolId="AnalogSettingsView" type="class"/>
        <dataEntry label="globals/Rez/Drawables" offset="869" parentId="Rez" symbolId="Drawables" type="module"/>
        <dataEntry label="globals/Rez/Fonts" offset="916" parentId="Rez" symbolId="Fonts" type="module"/>
        <dataEntry label="globals/Rez/Strings" offset="955" parentId="Rez" symbolId="Strings" type="module"/>
    </dataEntryOffsetMappings>
    <functions>
        <functionEntry accessMode="public" endPc="268435478" name="&lt;init&gt;" parent="AnalogSettingsMenu" startPc="268435460">
            <documentation/>
        </functionEntry>
        <functionEntry accessMode="public" endPc="268435497" name="&lt;init&gt;" parent="AnalogWatch" startPc="268435479">
            <documentation/>
        </functionEntry>
        <functionEntry accessMode="public" endPc="268435521" name="&lt;init&gt;" parent="Rez" startPc="268435498">
            <documentation/>
        </functionEntry>
        <functionEntry accessMode="public" endPc="268435540" name="&lt;init&gt;" parent="AnalogSettingsMenuDelegate" startPc="268435522">
            <documentation/>
        </functionEntry>
        <functionEntry accessMode="public" endPc="268435559" name="&lt;init&gt;" parent="AnalogGoalView" startPc="268435541">
            <documentation/>
        </functionEntry>
        <functionEntry accessMode="public" endPc="268435578" name="&lt;init&gt;" parent="AnalogSettingsDelegate" startPc="268435560">
            <documentation/>
        </functionEntry>
        <functionEntry accessMode="public" endPc="268435597" name="&lt;init&gt;" parent="AnalogView" startPc="268435579">
            <documentation/>
        </functionEntry>
        <functionEntry accessMode="public" endPc="268435616" name="&lt;init&gt;" parent="AnalogDelegate" startPc="268435598">
            <documentation/>
        </functionEntry>
        <functionEntry accessMode="public" endPc="268435635" name="&lt;init&gt;" parent="AnalogSettingsView" startPc="268435617">
            <documentation/>
        </functionEntry>
        <functionEntry accessMode="public" endPc="268435675" name="initialize" parent="AnalogSettingsMenu" startPc="268435636">
            <documentation><![CDATA[<div class="description"> Constructor<br/></div>]]></documentation>
        </functionEntry>
        <functionEntry accessMode="public" endPc="268435678" name="onStart" parent="AnalogWatch" startPc="268435676">
            <param id="state"/>
            <documentation><![CDATA[<div class="description"> Handle app startup<br/> <div class="param"> state Startup arguments</div><br/></div>]]></documentation>
        </functionEntry>
        <functionEntry accessMode="public" endPc="268435755" name="getSettingsView" parent="AnalogWatch" startPc="268435679">
            <documentation><![CDATA[<div class="description"> Return the settings view and delegate<br/> <div class="returns">Returns  Array Pair [View, Delegate]</div><br/></div>]]></documentation>
        </functionEntry>
        <functionEntry accessMode="public" endPc="268435904" name="getInitialView" parent="AnalogWatch" startPc="268435756">
            <documentation><![CDATA[<div class="description"> Return the initial view for the app<br/> <div class="returns">Returns  Array Pair [View, Delegate] or Array [View]</div><br/></div>]]></documentation>
        </functionEntry>
        <functionEntry accessMode="public" endPc="268435949" name="getGoalView" parent="AnalogWatch" startPc="268435905">
            <param id="goal"/>
            <documentation><![CDATA[<div class="description"> This method runs when a goal is triggered and the goal view is started.<br/> <div class="param"> goal The goal type that triggered</div><br/> <div class="returns">Returns  The view to push</div><br/></div>]]></documentation>
        </functionEntry>
        <functionEntry accessMode="public" endPc="268435970" name="initialize" parent="AnalogWatch" startPc="268435950">
            <documentation><![CDATA[<div class="description"> Constructor<br/></div>]]></documentation>
        </functionEntry>
        <functionEntry accessMode="public" endPc="268435973" name="onStop" parent="AnalogWatch" startPc="268435971">
            <param id="state"/>
            <documentation><![CDATA[<div class="description"> Handle app shutdown<br/> <div class="param"> state Shutdown arguments</div><br/></div>]]></documentation>
        </functionEntry>
        <functionEntry accessMode="public" name="&lt;init&gt;" parent="Drawables">
            <documentation/>
        </functionEntry>
        <functionEntry accessMode="public" name="&lt;init&gt;" parent="Fonts">
            <documentation/>
        </functionEntry>
        <functionEntry accessMode="public" name="&lt;init&gt;" parent="Strings">
            <documentation/>
        </functionEntry>
        <functionEntry accessMode="public" endPc="268435994" name="initialize" parent="AnalogSettingsMenuDelegate" startPc="268435974">
            <documentation><![CDATA[<div class="description"> Constructor<br/></div>]]></documentation>
        </functionEntry>
        <functionEntry accessMode="public" endPc="268436056" name="onSelect" parent="AnalogSettingsMenuDelegate" startPc="268435995">
            <param id="menuItem"/>
            <documentation><![CDATA[<div class="description"> Handle a menu item being selected<br/> <div class="param"> menuItem The menu item selected</div><br/></div>]]></documentation>
        </functionEntry>
        <functionEntry accessMode="public" endPc="268436071" name="onLayout" parent="AnalogGoalView" startPc="268436057">
            <param id="dc"/>
            <documentation><![CDATA[<div class="description"> Load your resources here<br/> <div class="param"> dc Device context</div><br/></div>]]></documentation>
        </functionEntry>
        <functionEntry accessMode="public" endPc="268436213" name="initialize" parent="AnalogGoalView" startPc="268436072">
            <param id="goal"/>
            <documentation><![CDATA[<div class="description"> Initialize the string to display on the goal view.<br/> <div class="param"> goal The goal triggered</div><br/></div>]]></documentation>
        </functionEntry>
        <functionEntry accessMode="public" endPc="268436708" name="onUpdate" parent="AnalogGoalView" startPc="268436214">
            <param id="dc"/>
            <documentation><![CDATA[<div class="description"> Update the clock face graphics<br/> <div class="param"> dc Device Context</div><br/></div>]]></documentation>
        </functionEntry>
        <functionEntry accessMode="public" endPc="268437128" name="onMenu" parent="AnalogSettingsDelegate" startPc="268436709">
            <documentation><![CDATA[<div class="description"> Handle the menu event<br/> <div class="returns">Returns  true if handled, false otherwise</div><br/></div>]]></documentation>
        </functionEntry>
        <functionEntry accessMode="public" endPc="268437149" name="initialize" parent="AnalogSettingsDelegate" startPc="268437129">
            <documentation><![CDATA[<div class="description"> Constructor<br/></div>]]></documentation>
        </functionEntry>
        <functionEntry accessMode="private" endPc="268437317" name="&lt;globals/AnalogView/&lt;&gt;drawDateString&gt;" parent="AnalogView" startPc="268437150">
            <param id="dc"/>
            <param id="x"/>
            <param id="y"/>
            <documentation><![CDATA[<div class="description"> Draw the date string into the provided buffer at the specified location<br/> <div class="param"> dc Device context</div><br/> <div class="param"> x The x location of the text</div><br/> <div class="param"> y The y location of the text</div><br/></div>]]></documentation>
        </functionEntry>
        <functionEntry accessMode="public" endPc="268437330" name="onExitSleep" parent="AnalogView" startPc="268437318">
            <documentation><![CDATA[<div class="description"> This method is called when the device exits sleep mode.<br/> Set the isAwake flag to let onUpdate know it should render the second hand.<br/></div>]]></documentation>
        </functionEntry>
        <functionEntry accessMode="public" endPc="268437343" name="turnPartialUpdatesOff" parent="AnalogView" startPc="268437331">
            <documentation><![CDATA[<div class="description"> Turn off partial updates<br/></div>]]></documentation>
        </functionEntry>
        <functionEntry accessMode="private" endPc="268438246" name="&lt;globals/AnalogView/&lt;&gt;drawHashMarks&gt;" parent="AnalogView" startPc="268437344">
            <param id="dc"/>
            <documentation><![CDATA[<div class="description"> Draws the clock tick marks around the outside edges of the screen.<br/> <div class="param"> dc Device context</div><br/></div>]]></documentation>
        </functionEntry>
        <functionEntry accessMode="public" endPc="268438796" name="onLayout" parent="AnalogView" startPc="268438247">
            <param id="dc"/>
            <documentation><![CDATA[<div class="description"> Configure the layout of the watchface for this device<br/> <div class="param"> dc Device context</div><br/></div>]]></documentation>
        </functionEntry>
        <functionEntry accessMode="private" endPc="268439112" name="&lt;globals/AnalogView/&lt;&gt;getBoundingBox&gt;" parent="AnalogView" startPc="268438797">
            <param id="points"/>
            <documentation><![CDATA[<div class="description"> Compute a bounding box from the passed in points<br/> <div class="param"> points Points to include in bounding box</div><br/> <div class="returns">Returns  The bounding box points</div><br/></div>]]></documentation>
        </functionEntry>
        <functionEntry accessMode="public" endPc="268439438" name="onPartialUpdate" parent="AnalogView" startPc="268439113">
            <param id="dc"/>
            <documentation><![CDATA[<div class="description"> Handle the partial update event<br/> <div class="param"> dc Device context</div><br/></div>]]></documentation>
        </functionEntry>
        <functionEntry accessMode="private" endPc="268439837" name="&lt;globals/AnalogView/&lt;&gt;generateHandCoordinates&gt;" parent="AnalogView" startPc="268439439">
            <param id="centerPoint"/>
            <param id="angle"/>
            <param id="handLength"/>
            <param id="tailLength"/>
            <param id="width"/>
            <documentation><![CDATA[<div class="description"> This function is used to generate the coordinates of the 4 corners of the polygon<br/> used to draw a watch hand. The coordinates are generated with specified length,<br/> tail length, and width and rotated around the center point at the provided angle.<br/> 0 degrees is at the 12 o'clock position, and increases in the clockwise direction.<br/> <div class="param"> centerPoint The center of the clock</div><br/> <div class="param"> angle Angle of the hand in radians</div><br/> <div class="param"> handLength The length of the hand from the center to point</div><br/> <div class="param"> tailLength The length of the tail of the hand</div><br/> <div class="param"> width The width of the watch hand</div><br/> <div class="returns">Returns  The coordinates of the watch hand</div><br/></div>]]></documentation>
        </functionEntry>
        <functionEntry accessMode="private" endPc="268439993" name="&lt;globals/AnalogView/&lt;&gt;drawBackground&gt;" parent="AnalogView" startPc="268439838">
            <param id="dc"/>
            <documentation><![CDATA[<div class="description"> Draw the watch face background<br/> onUpdate uses this method to transfer newly rendered Buffered Bitmaps<br/> to the main display.<br/> onPartialUpdate uses this to blank the second hand from the previous<br/> second before outputting the new one.<br/> <div class="param"> dc Device context</div><br/></div>]]></documentation>
        </functionEntry>
        <functionEntry accessMode="public" endPc="268440022" name="onEnterSleep" parent="AnalogView" startPc="268439994">
            <documentation><![CDATA[<div class="description"> This method is called when the device re-enters sleep mode.<br/> Set the isAwake flag to let onUpdate know it should stop rendering the second hand.<br/></div>]]></documentation>
        </functionEntry>
        <functionEntry accessMode="public" endPc="268440108" name="initialize" parent="AnalogView" startPc="268440023">
            <documentation><![CDATA[<div class="description"> Initialize variables for this view<br/></div>]]></documentation>
        </functionEntry>
        <functionEntry accessMode="public" endPc="268441660" name="onUpdate" parent="AnalogView" startPc="268440109">
            <param id="dc"/>
            <documentation><![CDATA[<div class="description"> Handle the update event<br/> <div class="param"> dc Device context</div><br/></div>]]></documentation>
        </functionEntry>
        <functionEntry accessMode="public" endPc="268441691" name="initialize" parent="AnalogDelegate" startPc="268441661">
            <param id="view"/>
            <documentation><![CDATA[<div class="description"> Constructor<br/> <div class="param"> view The analog view</div><br/></div>]]></documentation>
        </functionEntry>
        <functionEntry accessMode="public" endPc="268441772" name="onPowerBudgetExceeded" parent="AnalogDelegate" startPc="268441692">
            <param id="powerInfo"/>
            <documentation><![CDATA[<div class="description"> The onPowerBudgetExceeded callback is called by the system if the<br/> onPartialUpdate method exceeds the allowed power budget. If this occurs,<br/> the system will stop invoking onPartialUpdate each second, so we notify the<br/> view here to let the rendering methods know they should not be rendering a<br/> second hand.<br/> <div class="param"> powerInfo Information about the power budget</div><br/></div>]]></documentation>
        </functionEntry>
        <functionEntry accessMode="public" endPc="268441793" name="initialize" parent="AnalogSettingsView" startPc="268441773">
            <documentation><![CDATA[<div class="description"> Constructor<br/></div>]]></documentation>
        </functionEntry>
        <functionEntry accessMode="public" endPc="268441931" name="onUpdate" parent="AnalogSettingsView" startPc="268441794">
            <param id="dc"/>
            <documentation><![CDATA[<div class="description"> Handle the update event<br/> <div class="param"> dc Device context</div><br/></div>]]></documentation>
        </functionEntry>
    </functions>
</debugInfo>
