<drawable-list id="train" background="Graphics.COLOR_TRANSPARENT">
    <shape type="circle" x="102" y="140" radius="8" color="Graphics.COLOR_RED" />
    <shape type="circle" x="80" y="140" radius="8" color="Graphics.COLOR_RED" />
    <shape type="rectangle" x="71" y="117" width="76" height="20" color="Graphics.COLOR_YELLOW" />
    <shape type="rectangle" width="45" height="6" x="75" y="120" corner_radius="3" color="Graphics.COLOR_ORANGE" />
    <shape type="circle" x="125" y="138" radius="10" color="Graphics.COLOR_YELLOW" border_width="5" border_color="Graphics.COLOR_RED" />
    <shape type="rectangle" x="78" y="137" width="55" height="6" color="Graphics.COLOR_PURPLE" corner_radius="2" />
    <shape type="polygon" points="[ [   71,   117    ], [71,140],[59,    140 ] ]" color="Graphics.COLOR_RED" />
    <shape type="rectangle" x="122" y="92" width="25" height="25" color="Graphics.COLOR_PURPLE" border_width="3" border_color="Graphics.COLOR_YELLOW" />
    <shape type="rectangle" x="94" y="100" width="6" height="17" color="Graphics.COLOR_RED" />
    <shape type="rectangle" x="92" y="96" width="10" height="4" color="Graphics.COLOR_PURPLE" />
    <shape type="polygon" points="[[92,96],[95,93],[99,93],[102,96]]" color="Graphics.COLOR_YELLOW" />
</drawable-list>