<!-- This is a generated file. It is highly recommended that you DO NOT edit this file. --><iq:manifest xmlns:iq="http://www.garmin.com/xml/connectiq" version="3">
    <iq:application entry="EncryptionApp" id="90FDF2CD91924D12B129DFCE37A627F9" launcherIcon="@Drawables.LauncherIcon" minSdkVersion="2.2.0" name="@Strings.AppName" type="watch-app">
        <iq:products>
            <iq:product id="approachs60"/>
            <iq:product id="d2charlie"/>
            <iq:product id="descentmk1"/>
            <iq:product id="fenix5"/>
            <iq:product id="fenix5s"/>
            <iq:product id="fenix5x"/>
            <iq:product id="fenix7"/>
            <iq:product id="fr735xt"/>
            <iq:product id="fr935"/>
            <iq:product id="vivoactive3"/>
            <iq:product id="vivoactive_hr"/>
        </iq:products>
        <iq:permissions>
            <iq:uses-permission id="Ant"/>
        </iq:permissions>
        <iq:languages/>
        <iq:barrels/>
    </iq:application>
</iq:manifest>
