<!-- This is a generated file. It is highly recommended that you DO NOT edit this file. --><iq:manifest xmlns:iq="http://www.garmin.com/xml/connectiq" version="3">
    <iq:application entry="JsonDataResourcesApp" id="1D519D7E671F4D10A1B763E23D8E7F43" launcherIcon="@Drawables.LauncherIcon" minSdkVersion="2.3.0" name="@Strings.AppName" type="widget">
        <iq:products>
            <iq:product id="approachs60"/>
            <iq:product id="d2charlie"/>
            <iq:product id="descentmk1"/>
            <iq:product id="edge820"/>
            <iq:product id="fenix5"/>
            <iq:product id="fenix5s"/>
            <iq:product id="fenix5x"/>
            <iq:product id="fenix7"/>
            <iq:product id="fr935"/>
            <iq:product id="vivoactive3"/>
        </iq:products>
        <iq:permissions/>
        <iq:languages/>
        <iq:barrels/>
    </iq:application>
</iq:manifest>
