<!-- This is a generated file. It is highly recommended that you DO NOT edit this file. --><iq:manifest xmlns:iq="http://www.garmin.com/xml/connectiq" version="1">
    <iq:application entry="ApplicationStorage" id="E935D2F8374D4FA3BD98571C566E750D" launcherIcon="@Drawables.LauncherIcon" minSdkVersion="2.4.0" name="@Strings.AppName" type="watch-app">
        <iq:products>
            <iq:product id="fenix5"/>
            <iq:product id="fenix5s"/>
            <iq:product id="fenix5x"/>
            <iq:product id="fenix7"/>
            <iq:product id="fenixchronos"/>
            <iq:product id="fr935"/>
        </iq:products>
        <iq:permissions/>
        <iq:languages>
            <iq:language>eng</iq:language>
        </iq:languages>
    </iq:application>
</iq:manifest>
