<!-- This is a generated file. It is highly recommended that you DO NOT edit this file. --><iq:manifest xmlns:iq="http://www.garmin.com/xml/connectiq" version="3">
    <iq:application entry="BulkDownloadApp" id="e3095b0d3b4a4cb8b8a98fb5bf4279fb" launcherIcon="@Drawables.LauncherIcon" minSdkVersion="3.1.0" name="@Strings.AppName" type="watch-app" version="0.0.0">
        <iq:products>
            <iq:product id="fenix5plus"/>
            <iq:product id="fenix5splus"/>
            <iq:product id="fenix5xplus"/>
            <iq:product id="fenix7"/>
        </iq:products>
        <iq:permissions>
            <iq:uses-permission id="Communications"/>
        </iq:permissions>
        <iq:languages>
            <iq:language>eng</iq:language>
        </iq:languages>
        <iq:barrels/>
    </iq:application>
</iq:manifest>
