<!-- This is a generated file. It is highly recommended that you DO NOT edit this file. --><iq:manifest xmlns:iq="http://www.garmin.com/xml/connectiq" version="3">
    <iq:application entry="Thingy52CoinCollectorApp" id="f687af9be5d0497aae198832632c341b" launcherIcon="@Drawables.LauncherIcon" minSdkVersion="3.0.0" name="@Strings.AppName" type="datafield" version="0.0.0">
        <iq:products>
            <iq:product id="fenix5plus"/>
            <iq:product id="fenix5splus"/>
            <iq:product id="fenix5xplus"/>
            <iq:product id="fenix7"/>
        </iq:products>
        <iq:permissions>
            <iq:uses-permission id="BluetoothLowEnergy"/>
        </iq:permissions>
        <iq:languages/>
        <iq:barrels/>
    </iq:application>
</iq:manifest>
