<!-- This is a generated file. It is highly recommended that you DO NOT edit this file. --><iq:manifest xmlns:iq="http://www.garmin.com/xml/connectiq" version="3">
    <iq:application entry="MapSampleApp" id="6a8641e075d64386a461106453ac12f0" launcherIcon="@Drawables.LauncherIcon" minSdkVersion="2.4.0" name="@Strings.AppName" type="watch-app" version="0.0.0">
        <iq:products>
            <iq:product id="d2delta"/>
            <iq:product id="d2deltapx"/>
            <iq:product id="d2deltas"/>
            <iq:product id="edge1030"/>
            <iq:product id="edge520plus"/>
            <iq:product id="edge820"/>
            <iq:product id="edgeexplore"/>
            <iq:product id="fenix5"/>
            <iq:product id="fenix5plus"/>
            <iq:product id="fenix5splus"/>
            <iq:product id="fenix5x"/>
            <iq:product id="fenix5xplus"/>
            <iq:product id="fenix7"/>
        </iq:products>
        <iq:permissions/>
        <iq:languages>
            <iq:language>eng</iq:language>
        </iq:languages>
        <iq:barrels/>
    </iq:application>
</iq:manifest>
